mode,size_bytes,size_kb,N,avg_total_ns,ns_per_iter
sequential,1024,1,256,57.1429,0.2232
random,1024,1,256,8100.0000,31.6406
random_index,1024,1,256,128.5714,0.5022
sequential,2048,2,512,100.0000,0.1953
random,2048,2,512,16828.5714,32.8683
random_index,2048,2,512,242.8571,0.4743
sequential,3072,3,768,71.4286,0.0930
random,3072,3,768,24142.8571,31.4360
random_index,3072,3,768,300.0000,0.3906
sequential,4096,4,1024,100.0000,0.0977
random,4096,4,1024,31571.4286,30.8315
random_index,4096,4,1024,400.0000,0.3906
sequential,5120,5,1280,114.2857,0.0893
random,5120,5,1280,39442.8571,30.8147
random_index,5120,5,1280,471.4286,0.3683
sequential,6144,6,1536,128.5714,0.0837
random,6144,6,1536,47342.8571,30.8222
random_index,6144,6,1536,585.7143,0.3813
sequential,7168,7,1792,214.2857,0.1196
random,7168,7,1792,55171.4286,30.7876
random_index,7168,7,1792,642.8571,0.3587
sequential,8192,8,2048,185.7143,0.0907
random,8192,8,2048,63214.2857,30.8664
random_index,8192,8,2048,714.2857,0.3488
sequential,9216,9,2304,328.5714,0.1426
random,9216,9,2304,70971.4286,30.8036
random_index,9216,9,2304,871.4286,0.3782
sequential,10240,10,2560,228.5714,0.0893
random,10240,10,2560,80114.2857,31.2946
random_index,10240,10,2560,957.1429,0.3739
sequential,11264,11,2816,214.2857,0.0761
random,11264,11,2816,86242.8571,30.6260
random_index,11264,11,2816,1071.4286,0.3805
sequential,12288,12,3072,671.4286,0.2186
random,12288,12,3072,95242.8571,31.0035
random_index,12288,12,3072,1128.5714,0.3674
sequential,13312,13,3328,371.4286,0.1116
random,13312,13,3328,120114.2857,36.0920
random_index,13312,13,3328,1414.2857,0.4250
sequential,14336,14,3584,300.0000,0.0837
random,14336,14,3584,114014.2857,31.8120
random_index,14336,14,3584,1342.8571,0.3747
sequential,15360,15,3840,314.2857,0.0818
random,15360,15,3840,118771.4286,30.9301
random_index,15360,15,3840,1442.8571,0.3757
sequential,16384,16,4096,328.5714,0.0802
random,16384,16,4096,125185.7143,30.5629
random_index,16384,16,4096,1500.0000,0.3662
sequential,17408,17,4352,357.1429,0.0821
random,17408,17,4352,135414.2857,31.1154
random_index,17408,17,4352,1628.5714,0.3742
sequential,18432,18,4608,457.1429,0.0992
random,18432,18,4608,139614.2857,30.2982
random_index,18432,18,4608,1900.0000,0.4123
sequential,19456,19,4864,600.0000,0.1234
random,19456,19,4864,147142.8571,30.2514
random_index,19456,19,4864,2542.8571,0.5228
sequential,20480,20,5120,971.4286,0.1897
random,20480,20,5120,156342.8571,30.5357
random_index,20480,20,5120,2828.5714,0.5525
sequential,21504,21,5376,928.5714,0.1727
random,21504,21,5376,162300.0000,30.1897
random_index,21504,21,5376,2000.0000,0.3720
sequential,22528,22,5632,442.8571,0.0786
random,22528,22,5632,169728.5714,30.1365
random_index,22528,22,5632,2100.0000,0.3729
sequential,23552,23,5888,471.4286,0.0801
random,23552,23,5888,179171.4286,30.4299
random_index,23552,23,5888,2200.0000,0.3736
sequential,24576,24,6144,685.7143,0.1116
random,24576,24,6144,185142.8571,30.1339
random_index,24576,24,6144,2300.0000,0.3743
sequential,25600,25,6400,557.1429,0.0871
random,25600,25,6400,199414.2857,31.1585
random_index,25600,25,6400,2400.0000,0.3750
sequential,26624,26,6656,528.5714,0.0794
random,26624,26,6656,202157.1429,30.3722
random_index,26624,26,6656,2500.0000,0.3756
sequential,27648,27,6912,557.1429,0.0806
random,27648,27,6912,208985.7143,30.2352
random_index,27648,27,6912,2600.0000,0.3762
sequential,28672,28,7168,1185.7143,0.1654
random,28672,28,7168,222485.7143,31.0387
random_index,28672,28,7168,2685.7143,0.3747
sequential,29696,29,7424,585.7143,0.0789
random,29696,29,7424,224600.0000,30.2532
random_index,29696,29,7424,2800.0000,0.3772
sequential,30720,30,7680,628.5714,0.0818
random,30720,30,7680,232471.4286,30.2697
random_index,30720,30,7680,2900.0000,0.3776
sequential,31744,31,7936,771.4286,0.0972
random,31744,31,7936,245985.7143,30.9962
random_index,31744,31,7936,2942.8571,0.3708
sequential,32768,32,8192,1514.2857,0.1848
random,32768,32,8192,249685.7143,30.4792
random_index,32768,32,8192,3057.1429,0.3732
sequential,33792,33,8448,714.2857,0.0846
random,33792,33,8448,255457.1429,30.2388
random_index,33792,33,8448,3257.1429,0.3856
sequential,34816,34,8704,742.8571,0.0853
random,34816,34,8704,262371.4286,30.1438
random_index,34816,34,8704,3271.4286,0.3759
sequential,35840,35,8960,800.0000,0.0893
random,35840,35,8960,270514.2857,30.1913
random_index,35840,35,8960,3371.4286,0.3763
sequential,36864,36,9216,757.1429,0.0822
random,36864,36,9216,279542.8571,30.3323
random_index,36864,36,9216,4114.2857,0.4464
sequential,37888,37,9472,1200.0000,0.1267
random,37888,37,9472,289685.7143,30.5834
random_index,37888,37,9472,3557.1429,0.3755
sequential,38912,38,9728,771.4286,0.0793
random,38912,38,9728,293485.7143,30.1692
random_index,38912,38,9728,3642.8571,0.3745
sequential,39936,39,9984,800.0000,0.0801
random,39936,39,9984,300328.5714,30.0810
random_index,39936,39,9984,3757.1429,0.3763
sequential,40960,40,10240,900.0000,0.0879
random,40960,40,10240,308442.8571,30.1214
random_index,40960,40,10240,3900.0000,0.3809
sequential,41984,41,10496,1857.1429,0.1769
random,41984,41,10496,323914.2857,30.8607
random_index,41984,41,10496,5271.4286,0.5022
sequential,43008,42,10752,1257.1429,0.1169
random,43008,42,10752,364314.2857,33.8834
random_index,43008,42,10752,5585.7143,0.5195
sequential,44032,43,11008,900.0000,0.0818
random,44032,43,11008,331857.1429,30.1469
random_index,44032,43,11008,4314.2857,0.3919
sequential,45056,44,11264,1000.0000,0.0888
random,45056,44,11264,340728.5714,30.2493
random_index,45056,44,11264,4214.2857,0.3741
sequential,46080,45,11520,900.0000,0.0781
random,46080,45,11520,347628.5714,30.1761
random_index,46080,45,11520,4314.2857,0.3745
sequential,47104,46,11776,957.1429,0.0813
random,47104,46,11776,406457.1429,34.5157
random_index,47104,46,11776,4428.5714,0.3761
sequential,48128,47,12032,1100.0000,0.0914
random,48128,47,12032,361771.4286,30.0674
random_index,48128,47,12032,5028.5714,0.4179
sequential,49152,48,12288,1042.8571,0.0849
random,49152,48,12288,368814.2857,30.0142
random_index,49152,48,12288,5700.0000,0.4639
sequential,50176,49,12544,985.7143,0.0786
random,50176,49,12544,377828.5714,30.1203
random_index,50176,49,12544,5414.2857,0.4316
sequential,51200,50,12800,1028.5714,0.0804
random,51200,50,12800,387385.7143,30.2645
random_index,51200,50,12800,4800.0000,0.3750
sequential,52224,51,13056,1742.8571,0.1335
random,52224,51,13056,393100.0000,30.1088
random_index,52224,51,13056,5771.4286,0.4421
sequential,53248,52,13312,1057.1429,0.0794
random,53248,52,13312,400728.5714,30.1028
random_index,53248,52,13312,5914.2857,0.4443
sequential,54272,53,13568,2642.8571,0.1948
random,54272,53,13568,408142.8571,30.0813
random_index,54272,53,13568,6085.7143,0.4485
sequential,55296,54,13824,2442.8571,0.1767
random,55296,54,13824,427457.1429,30.9214
random_index,55296,54,13824,5200.0000,0.3762
sequential,56320,55,14080,1114.2857,0.0791
random,56320,55,14080,422371.4286,29.9980
random_index,56320,55,14080,6414.2857,0.4556
sequential,57344,56,14336,2300.0000,0.1604
random,57344,56,14336,431757.1429,30.1170
random_index,57344,56,14336,6585.7143,0.4594
sequential,58368,57,14592,1142.8571,0.0783
random,58368,57,14592,440700.0000,30.2015
random_index,58368,57,14592,6785.7143,0.4650
sequential,59392,58,14848,1185.7143,0.0799
random,59392,58,14848,447085.7143,30.1108
random_index,59392,58,14848,6900.0000,0.4647
sequential,60416,59,15104,3128.5714,0.2071
random,60416,59,15104,453571.4286,30.0299
random_index,60416,59,15104,7085.7143,0.4691
sequential,61440,60,15360,1185.7143,0.0772
random,61440,60,15360,464828.5714,30.2623
random_index,61440,60,15360,7200.0000,0.4688
sequential,62464,61,15616,1200.0000,0.0768
random,62464,61,15616,469142.8571,30.0424
random_index,62464,61,15616,7400.0000,0.4739
sequential,63488,62,15872,1242.8571,0.0783
random,63488,62,15872,480471.4286,30.2716
random_index,63488,62,15872,7528.5714,0.4743
sequential,64512,63,16128,1257.1429,0.0779
random,64512,63,16128,483628.5714,29.9869
random_index,64512,63,16128,7757.1429,0.4810
sequential,65536,64,16384,1314.2857,0.0802
random,65536,64,16384,482228.5714,29.4329
random_index,65536,64,16384,6128.5714,0.3741
sequential,66560,65,16640,1714.2857,0.1030
random,66560,65,16640,490471.4286,29.4754
random_index,66560,65,16640,8014.2857,0.4816
sequential,67584,66,16896,1314.2857,0.0778
random,67584,66,16896,499114.2857,29.5404
random_index,67584,66,16896,8185.7143,0.4845
sequential,68608,67,17152,1528.5714,0.0891
random,68608,67,17152,529657.1429,30.8802
random_index,68608,67,17152,9528.5714,0.5555
sequential,69632,68,17408,1471.4286,0.0845
random,69632,68,17408,543885.7143,31.2434
random_index,69632,68,17408,9128.5714,0.5244
sequential,70656,69,17664,2300.0000,0.1302
random,70656,69,17664,527228.5714,29.8476
random_index,70656,69,17664,8642.8571,0.4893
sequential,71680,70,17920,1700.0000,0.0949
random,71680,70,17920,559142.8571,31.2022
random_index,71680,70,17920,8971.4286,0.5006
sequential,72704,71,18176,1585.7143,0.0872
random,72704,71,18176,549942.8571,30.2565
random_index,72704,71,18176,8942.8571,0.4920
sequential,73728,72,18432,1557.1429,0.0845
random,73728,72,18432,554014.2857,30.0572
random_index,73728,72,18432,9071.4286,0.4922
sequential,74752,73,18688,2457.1429,0.1315
random,74752,73,18688,633371.4286,33.8919
random_index,74752,73,18688,7157.1429,0.3830
sequential,75776,74,18944,2028.5714,0.1071
random,75776,74,18944,608200.0000,32.1052
random_index,75776,74,18944,10385.7143,0.5482
sequential,76800,75,19200,2757.1429,0.1436
random,76800,75,19200,595585.7143,31.0201
random_index,76800,75,19200,9585.7143,0.4993
sequential,77824,76,19456,1714.2857,0.0881
random,77824,76,19456,575142.8571,29.5612
random_index,77824,76,19456,7471.4286,0.3840
sequential,78848,77,19712,1557.1429,0.0790
random,78848,77,19712,580471.4286,29.4476
random_index,78848,77,19712,9842.8571,0.4993
sequential,79872,78,19968,1571.4286,0.0787
random,79872,78,19968,603614.2857,30.2291
random_index,79872,78,19968,12685.7143,0.6353
sequential,80896,79,20224,1614.2857,0.0798
random,80896,79,20224,610871.4286,30.2053
random_index,80896,79,20224,7814.2857,0.3864
sequential,81920,80,20480,2771.4286,0.1353
random,81920,80,20480,640185.7143,31.2591
random_index,81920,80,20480,7985.7143,0.3899
sequential,82944,81,20736,2871.4286,0.1385
random,82944,81,20736,627257.1429,30.2497
random_index,82944,81,20736,8528.5714,0.4113
sequential,83968,82,20992,1871.4286,0.0891
random,83968,82,20992,619842.8571,29.5276
random_index,83968,82,20992,8257.1429,0.3933
sequential,84992,83,21248,1842.8571,0.0867
random,84992,83,21248,646100.0000,30.4076
random_index,84992,83,21248,11614.2857,0.5466
sequential,86016,84,21504,1700.0000,0.0791
random,86016,84,21504,634128.5714,29.4889
random_index,86016,84,21504,10971.4286,0.5102
sequential,87040,85,21760,1714.2857,0.0788
random,87040,85,21760,696200.0000,31.9945
random_index,87040,85,21760,8700.0000,0.3998
sequential,88064,86,22016,2014.2857,0.0915
random,88064,86,22016,651642.8571,29.5986
random_index,88064,86,22016,11214.2857,0.5094
sequential,89088,87,22272,1742.8571,0.0783
random,89088,87,22272,657742.8571,29.5323
random_index,89088,87,22272,11342.8571,0.5093
sequential,90112,88,22528,1842.8571,0.0818
random,90112,88,22528,674471.4286,29.9393
random_index,90112,88,22528,11528.5714,0.5117
sequential,91136,89,22784,1742.8571,0.0765
random,91136,89,22784,669342.8571,29.3778
random_index,91136,89,22784,12200.0000,0.5355
sequential,92160,90,23040,1800.0000,0.0781
random,92160,90,23040,710814.2857,30.8513
random_index,92160,90,23040,11771.4286,0.5109
sequential,93184,91,23296,2042.8571,0.0877
random,93184,91,23296,700971.4286,30.0898
random_index,93184,91,23296,11985.7143,0.5145
sequential,94208,92,23552,1900.0000,0.0807
random,94208,92,23552,750071.4286,31.8475
random_index,94208,92,23552,10628.5714,0.4513
sequential,95232,93,23808,1842.8571,0.0774
random,95232,93,23808,707114.2857,29.7007
random_index,95232,93,23808,12314.2857,0.5172
sequential,96256,94,24064,2014.2857,0.0837
random,96256,94,24064,710142.8571,29.5106
random_index,96256,94,24064,12442.8571,0.5171
sequential,97280,95,24320,3185.7143,0.1310
random,97280,95,24320,767371.4286,31.5531
random_index,97280,95,24320,12600.0000,0.5181
sequential,98304,96,24576,1914.2857,0.0779
random,98304,96,24576,724657.1429,29.4864
random_index,98304,96,24576,12800.0000,0.5208
sequential,99328,97,24832,2000.0000,0.0805
random,99328,97,24832,786842.8571,31.6866
random_index,99328,97,24832,13042.8571,0.5252
sequential,100352,98,25088,2185.7143,0.0871
random,100352,98,25088,739471.4286,29.4751
random_index,100352,98,25088,13085.7143,0.5216
sequential,101376,99,25344,1971.4286,0.0778
random,101376,99,25344,754257.1429,29.7608
random_index,101376,99,25344,14400.0000,0.5682
sequential,102400,100,25600,2800.0000,0.1094
random,102400,100,25600,754828.5714,29.4855
random_index,102400,100,25600,14428.5714,0.5636
sequential,103424,101,25856,2014.2857,0.0779
random,103424,101,25856,767057.1429,29.6665
random_index,103424,101,25856,12114.2857,0.4685
sequential,104448,102,26112,2257.1429,0.0864
random,104448,102,26112,816785.7143,31.2801
random_index,104448,102,26112,13728.5714,0.5258
sequential,105472,103,26368,2242.8571,0.0851
random,105472,103,26368,794528.5714,30.1323
random_index,105472,103,26368,14914.2857,0.5656
sequential,106496,104,26624,2342.8571,0.0880
random,106496,104,26624,796042.8571,29.8994
random_index,106496,104,26624,13814.2857,0.5189
sequential,107520,105,26880,2085.7143,0.0776
random,107520,105,26880,854642.8571,31.7947
random_index,107520,105,26880,14171.4286,0.5272
sequential,108544,106,27136,2342.8571,0.0863
random,108544,106,27136,798814.2857,29.4374
random_index,108544,106,27136,14300.0000,0.5270
sequential,109568,107,27392,2128.5714,0.0777
random,109568,107,27392,821042.8571,29.9738
random_index,109568,107,27392,14528.5714,0.5304
sequential,110592,108,27648,2142.8571,0.0775
random,110592,108,27648,814128.5714,29.4462
random_index,110592,108,27648,14657.1429,0.5301
sequential,111616,109,27904,2185.7143,0.0783
random,111616,109,27904,825857.1429,29.5964
random_index,111616,109,27904,14828.5714,0.5314
sequential,112640,110,28160,2357.1429,0.0837
random,112640,110,28160,905028.5714,32.1388
random_index,112640,110,28160,14914.2857,0.5296
sequential,113664,111,28416,2285.7143,0.0804
random,113664,111,28416,841142.8571,29.6010
random_index,113664,111,28416,15657.1429,0.5510
sequential,114688,112,28672,2514.2857,0.0877
random,114688,112,28672,867928.5714,30.2709
random_index,114688,112,28672,15300.0000,0.5336
sequential,115712,113,28928,2314.2857,0.0800
random,115712,113,28928,855800.0000,29.5838
random_index,115712,113,28928,15371.4286,0.5314
sequential,116736,114,29184,2257.1429,0.0773
random,116736,114,29184,864842.8571,29.6341
random_index,116736,114,29184,12814.2857,0.4391
sequential,117760,115,29440,2228.5714,0.0757
random,117760,115,29440,867242.8571,29.4580
random_index,117760,115,29440,15714.2857,0.5338
sequential,118784,116,29696,2314.2857,0.0779
random,118784,116,29696,878371.4286,29.5788
random_index,118784,116,29696,17314.2857,0.5831
sequential,119808,117,29952,3671.4286,0.1226
random,119808,117,29952,881928.5714,29.4447
random_index,119808,117,29952,16028.5714,0.5351
sequential,120832,118,30208,2342.8571,0.0776
random,120832,118,30208,905185.7143,29.9651
random_index,120832,118,30208,16271.4286,0.5386
sequential,121856,119,30464,2371.4286,0.0778
random,121856,119,30464,901385.7143,29.5886
random_index,121856,119,30464,16414.2857,0.5388
sequential,122880,120,30720,2414.2857,0.0786
random,122880,120,30720,903214.2857,29.4015
random_index,122880,120,30720,16557.1429,0.5390
sequential,123904,121,30976,2414.2857,0.0779
random,123904,121,30976,980271.4286,31.6462
random_index,123904,121,30976,16271.4286,0.5253
sequential,124928,122,31232,2757.1429,0.0883
random,124928,122,31232,918757.1429,29.4172
random_index,124928,122,31232,16857.1429,0.5397
sequential,125952,123,31488,2457.1429,0.0780
random,125952,123,31488,932114.2857,29.6022
random_index,125952,123,31488,16957.1429,0.5385
sequential,126976,124,31744,2842.8571,0.0896
random,126976,124,31744,935628.5714,29.4742
random_index,126976,124,31744,17228.5714,0.5427
sequential,128000,125,32000,3314.2857,0.1036
random,128000,125,32000,943228.5714,29.4759
random_index,128000,125,32000,17271.4286,0.5397
sequential,129024,126,32256,2528.5714,0.0784
random,129024,126,32256,994885.7143,30.8434
random_index,129024,126,32256,17442.8571,0.5408
sequential,130048,127,32512,2528.5714,0.0778
random,130048,127,32512,962900.0000,29.6168
random_index,130048,127,32512,18957.1429,0.5831
sequential,131072,128,32768,2628.5714,0.0802
random,131072,128,32768,1145600.0000,34.9609
random_index,131072,128,32768,14900.0000,0.4547
sequential,132096,129,33024,2571.4286,0.0779
random,132096,129,33024,966685.7143,29.2722
random_index,132096,129,33024,15000.0000,0.4542
sequential,133120,130,33280,2614.2857,0.0786
random,133120,130,33280,979742.8571,29.4394
random_index,133120,130,33280,22471.4286,0.6752
sequential,134144,131,33536,2600.0000,0.0775
random,134144,131,33536,990185.7143,29.5261
random_index,134144,131,33536,19714.2857,0.5879
sequential,135168,132,33792,2614.2857,0.0774
random,135168,132,33792,988785.7143,29.2609
random_index,135168,132,33792,18485.7143,0.5470
sequential,136192,133,34048,2614.2857,0.0768
random,136192,133,34048,1016057.1429,29.8419
random_index,136192,133,34048,17157.1429,0.5039
sequential,137216,134,34304,3614.2857,0.1054
random,137216,134,34304,1086385.7143,31.6694
random_index,137216,134,34304,15714.2857,0.4581
sequential,138240,135,34560,2857.1429,0.0827
random,138240,135,34560,1020714.2857,29.5346
random_index,138240,135,34560,15814.2857,0.4576
sequential,139264,136,34816,2685.7143,0.0771
random,139264,136,34816,1062100.0000,30.5061
random_index,139264,136,34816,17957.1429,0.5158
sequential,140288,137,35072,4071.4286,0.1161
random,140288,137,35072,1520057.1429,43.3410
random_index,140288,137,35072,16600.0000,0.4733
sequential,141312,138,35328,5357.1429,0.1516
random,141312,138,35328,1343528.5714,38.0301
random_index,141312,138,35328,23142.8571,0.6551
sequential,142336,139,35584,2742.8571,0.0771
random,142336,139,35584,1071414.2857,30.1094
random_index,142336,139,35584,19528.5714,0.5488
sequential,143360,140,35840,3142.8571,0.0877
random,143360,140,35840,1143971.4286,31.9188
random_index,143360,140,35840,18928.5714,0.5281
sequential,144384,141,36096,3128.5714,0.0867
random,144384,141,36096,1153728.5714,31.9628
random_index,144384,141,36096,17685.7143,0.4900
sequential,145408,142,36352,3771.4286,0.1037
random,145408,142,36352,1089157.1429,29.9614
random_index,145408,142,36352,17400.0000,0.4787
sequential,146432,143,36608,3785.7143,0.1034
random,146432,143,36608,1128228.5714,30.8192
random_index,146432,143,36608,19928.5714,0.5444
sequential,147456,144,36864,2885.7143,0.0783
random,147456,144,36864,1226271.4286,33.2647
random_index,147456,144,36864,20357.1429,0.5522
sequential,148480,145,37120,3128.5714,0.0843
random,148480,145,37120,1086928.5714,29.2815
random_index,148480,145,37120,33457.1429,0.9013
sequential,149504,146,37376,2928.5714,0.0784
random,149504,146,37376,1104571.4286,29.5530
random_index,149504,146,37376,20600.0000,0.5512
sequential,150528,147,37632,4942.8571,0.1313
random,150528,147,37632,1303928.5714,34.6495
random_index,150528,147,37632,24328.5714,0.6465
sequential,151552,148,37888,4371.4286,0.1154
random,151552,148,37888,1152014.2857,30.4058
random_index,151552,148,37888,25071.4286,0.6617
sequential,152576,149,38144,3171.4286,0.0831
random,152576,149,38144,1146357.1429,30.0534
random_index,152576,149,38144,21071.4286,0.5524
sequential,153600,150,38400,3528.5714,0.0919
random,153600,150,38400,1167685.7143,30.4085
random_index,153600,150,38400,21214.2857,0.5525
sequential,154624,151,38656,3271.4286,0.0846
random,154624,151,38656,1156628.5714,29.9211
random_index,154624,151,38656,21400.0000,0.5536
sequential,155648,152,38912,4328.5714,0.1112
random,155648,152,38912,1229114.2857,31.5870
random_index,155648,152,38912,20428.5714,0.5250
sequential,156672,153,39168,4171.4286,0.1065
random,156672,153,39168,1192185.7143,30.4377
random_index,156672,153,39168,21000.0000,0.5362
sequential,157696,154,39424,4614.2857,0.1170
random,157696,154,39424,1465157.1429,37.1641
random_index,157696,154,39424,19028.5714,0.4827
sequential,158720,155,39680,5371.4286,0.1354
random,158720,155,39680,1197771.4286,30.1858
random_index,158720,155,39680,22114.2857,0.5573
sequential,159744,156,39936,3442.8571,0.0862
random,159744,156,39936,1278542.8571,32.0148
random_index,159744,156,39936,24014.2857,0.6013
sequential,160768,157,40192,3871.4286,0.0963
random,160768,157,40192,1268542.8571,31.5621
random_index,160768,157,40192,33300.0000,0.8285
sequential,161792,158,40448,5171.4286,0.1279
random,161792,158,40448,2394985.7143,59.2115
random_index,161792,158,40448,92471.4286,2.2862
sequential,162816,159,40704,5100.0000,0.1253
random,162816,159,40704,2393442.8571,58.8012
random_index,162816,159,40704,25942.8571,0.6374
sequential,163840,160,40960,5371.4286,0.1311
random,163840,160,40960,1944485.7143,47.4728
random_index,163840,160,40960,45914.2857,1.1210
sequential,164864,161,41216,5085.7143,0.1234
random,164864,161,41216,1951685.7143,47.3526
random_index,164864,161,41216,282985.7143,6.8659
sequential,165888,162,41472,8900.0000,0.2146
random,165888,162,41472,1649171.4286,39.7659
random_index,165888,162,41472,41000.0000,0.9886
sequential,166912,163,41728,6300.0000,0.1510
random,166912,163,41728,2439171.4286,58.4541
random_index,166912,163,41728,32285.7143,0.7737
sequential,167936,164,41984,6857.1429,0.1633
random,167936,164,41984,2394200.0000,57.0265
random_index,167936,164,41984,80785.7143,1.9242
sequential,168960,165,42240,7214.2857,0.1708
random,168960,165,42240,2669842.8571,63.2065
random_index,168960,165,42240,28228.5714,0.6683
sequential,169984,166,42496,101742.8571,2.3942
random,169984,166,42496,1747228.5714,41.1151
random_index,169984,166,42496,39600.0000,0.9319
sequential,171008,167,42752,4942.8571,0.1156
random,171008,167,42752,2112457.1429,49.4119
random_index,171008,167,42752,37100.0000,0.8678
sequential,172032,168,43008,5628.5714,0.1309
random,172032,168,43008,3286728.5714,76.4213
random_index,172032,168,43008,29085.7143,0.6763
sequential,173056,169,43264,5200.0000,0.1202
random,173056,169,43264,1767328.5714,40.8499
random_index,173056,169,43264,26028.5714,0.6016
sequential,174080,170,43520,6114.2857,0.1405
random,174080,170,43520,2513985.7143,57.7662
random_index,174080,170,43520,48971.4286,1.1253
sequential,175104,171,43776,6014.2857,0.1374
random,175104,171,43776,2325557.1429,53.1240
random_index,175104,171,43776,39628.5714,0.9053
sequential,176128,172,44032,4085.7143,0.0928
random,176128,172,44032,1646385.7143,37.3907
random_index,176128,172,44032,28742.8571,0.6528
sequential,177152,173,44288,5857.1429,0.1323
random,177152,173,44288,1555357.1429,35.1192
random_index,177152,173,44288,28828.5714,0.6509
sequential,178176,174,44544,4171.4286,0.0936
random,178176,174,44544,1514942.8571,34.0100
random_index,178176,174,44544,24157.1429,0.5423
sequential,179200,175,44800,3842.8571,0.0858
random,179200,175,44800,1517600.0000,33.8750
random_index,179200,175,44800,31885.7143,0.7117
sequential,180224,176,45056,6185.7143,0.1373
random,180224,176,45056,2594114.2857,57.5753
random_index,180224,176,45056,32857.1429,0.7293
sequential,181248,177,45312,15928.5714,0.3515
random,181248,177,45312,2117700.0000,46.7360
random_index,181248,177,45312,32100.0000,0.7084
sequential,182272,178,45568,5728.5714,0.1257
random,182272,178,45568,2181171.4286,47.8663
random_index,182272,178,45568,26571.4286,0.5831
sequential,183296,179,45824,5428.5714,0.1185
random,183296,179,45824,1757614.2857,38.3558
random_index,183296,179,45824,39900.0000,0.8707
sequential,184320,180,46080,5214.2857,0.1132
random,184320,180,46080,1541614.2857,33.4552
random_index,184320,180,46080,27228.5714,0.5909
sequential,185344,181,46336,3642.8571,0.0786
random,185344,181,46336,1521157.1429,32.8288
random_index,185344,181,46336,34185.7143,0.7378
sequential,186368,182,46592,3942.8571,0.0846
random,186368,182,46592,1776128.5714,38.1209
random_index,186368,182,46592,28957.1429,0.6215
sequential,187392,183,46848,5657.1429,0.1208
random,187392,183,46848,1557514.2857,33.2461
random_index,187392,183,46848,86085.7143,1.8376
sequential,188416,184,47104,6428.5714,0.1365
random,188416,184,47104,1498485.7143,31.8123
random_index,188416,184,47104,31171.4286,0.6618
sequential,189440,185,47360,6200.0000,0.1309
random,189440,185,47360,1449900.0000,30.6144
random_index,189440,185,47360,28771.4286,0.6075
sequential,190464,186,47616,4128.5714,0.0867
random,190464,186,47616,1542285.7143,32.3901
random_index,190464,186,47616,30857.1429,0.6480
sequential,191488,187,47872,5357.1429,0.1119
random,191488,187,47872,1984671.4286,41.4579
random_index,191488,187,47872,26785.7143,0.5595
sequential,192512,188,48128,4114.2857,0.0855
random,192512,188,48128,1610128.5714,33.4551
random_index,192512,188,48128,70957.1429,1.4743
sequential,193536,189,48384,17000.0000,0.3514
random,193536,189,48384,1612771.4286,33.3327
random_index,193536,189,48384,26557.1429,0.5489
sequential,194560,190,48640,6900.0000,0.1419
random,194560,190,48640,1896642.8571,38.9935
random_index,194560,190,48640,30757.1429,0.6323
sequential,195584,191,48896,4042.8571,0.0827
random,195584,191,48896,1912214.2857,39.1078
random_index,195584,191,48896,53828.5714,1.1009
sequential,196608,192,49152,4585.7143,0.0933
random,196608,192,49152,1982442.8571,40.3329
random_index,196608,192,49152,39200.0000,0.7975
sequential,197632,193,49408,5957.1429,0.1206
random,197632,193,49408,1651428.5714,33.4243
random_index,197632,193,49408,90314.2857,1.8279
sequential,198656,194,49664,6585.7143,0.1326
random,198656,194,49664,2203271.4286,44.3636
random_index,198656,194,49664,49400.0000,0.9947
sequential,199680,195,49920,7871.4286,0.1577
random,199680,195,49920,3300485.7143,66.1155
random_index,199680,195,49920,80014.2857,1.6029
sequential,200704,196,50176,6528.5714,0.1301
random,200704,196,50176,2459114.2857,49.0098
random_index,200704,196,50176,44728.5714,0.8914
sequential,201728,197,50432,6200.0000,0.1229
random,201728,197,50432,3330357.1429,66.0366
random_index,201728,197,50432,37100.0000,0.7356
sequential,202752,198,50688,6300.0000,0.1243
random,202752,198,50688,2903928.5714,57.2903
random_index,202752,198,50688,34100.0000,0.6727
sequential,203776,199,50944,7014.2857,0.1377
random,203776,199,50944,4252528.5714,83.4746
random_index,203776,199,50944,55785.7143,1.0950
sequential,204800,200,51200,6042.8571,0.1180
random,204800,200,51200,4021728.5714,78.5494
random_index,204800,200,51200,61528.5714,1.2017
sequential,205824,201,51456,7471.4286,0.1452
random,205824,201,51456,2314000.0000,44.9705
random_index,205824,201,51456,45000.0000,0.8745
sequential,206848,202,51712,6442.8571,0.1246
random,206848,202,51712,3089757.1429,59.7493
random_index,206848,202,51712,33914.2857,0.6558
sequential,207872,203,51968,5971.4286,0.1149
random,207872,203,51968,2862200.0000,55.0762
random_index,207872,203,51968,430414.2857,8.2823
sequential,208896,204,52224,12257.1429,0.2347
random,208896,204,52224,1998014.2857,38.2585
random_index,208896,204,52224,49757.1429,0.9528
sequential,209920,205,52480,6000.0000,0.1143
random,209920,205,52480,2202171.4286,41.9621
random_index,209920,205,52480,47728.5714,0.9095
sequential,210944,206,52736,6771.4286,0.1284
random,210944,206,52736,1979500.0000,37.5360
random_index,210944,206,52736,32042.8571,0.6076
sequential,211968,207,52992,6171.4286,0.1165
random,211968,207,52992,1878428.5714,35.4474
random_index,211968,207,52992,28685.7143,0.5413
sequential,212992,208,53248,6857.1429,0.1288
random,212992,208,53248,1894500.0000,35.5788
random_index,212992,208,53248,36942.8571,0.6938
sequential,214016,209,53504,8942.8571,0.1671
random,214016,209,53504,2050000.0000,38.3149
random_index,214016,209,53504,37728.5714,0.7052
sequential,215040,210,53760,6200.0000,0.1153
random,215040,210,53760,1727814.2857,32.1394
random_index,215040,210,53760,31828.5714,0.5920
sequential,216064,211,54016,7328.5714,0.1357
random,216064,211,54016,1738485.7143,32.1846
random_index,216064,211,54016,33442.8571,0.6191
sequential,217088,212,54272,5400.0000,0.0995
random,217088,212,54272,2038328.5714,37.5576
random_index,217088,212,54272,58257.1429,1.0734
sequential,218112,213,54528,8257.1429,0.1514
random,218112,213,54528,2286900.0000,41.9399
random_index,218112,213,54528,31028.5714,0.5690
sequential,219136,214,54784,5842.8571,0.1067
random,219136,214,54784,1928571.4286,35.2032
random_index,219136,214,54784,34742.8571,0.6342
sequential,220160,215,55040,7014.2857,0.1274
random,220160,215,55040,2036857.1429,37.0069
random_index,220160,215,55040,38700.0000,0.7031
sequential,221184,216,55296,13385.7143,0.2421
random,221184,216,55296,1992242.8571,36.0287
random_index,221184,216,55296,35814.2857,0.6477
sequential,222208,217,55552,5957.1429,0.1072
random,222208,217,55552,1844014.2857,33.1944
random_index,222208,217,55552,37942.8571,0.6830
sequential,223232,218,55808,4985.7143,0.0893
random,223232,218,55808,2097085.7143,37.5768
random_index,223232,218,55808,38442.8571,0.6888
sequential,224256,219,56064,4728.5714,0.0843
random,224256,219,56064,1644128.5714,29.3259
random_index,224256,219,56064,36771.4286,0.6559
sequential,225280,220,56320,6357.1429,0.1129
random,225280,220,56320,2003885.7143,35.5804
random_index,225280,220,56320,49357.1429,0.8764
sequential,226304,221,56576,6800.0000,0.1202
random,226304,221,56576,2179985.7143,38.5320
random_index,226304,221,56576,35000.0000,0.6186
sequential,227328,222,56832,5328.5714,0.0938
random,227328,222,56832,1929542.8571,33.9517
random_index,227328,222,56832,38785.7143,0.6825
sequential,228352,223,57088,6900.0000,0.1209
random,228352,223,57088,1725800.0000,30.2305
random_index,228352,223,57088,33942.8571,0.5946
sequential,229376,224,57344,4514.2857,0.0787
random,229376,224,57344,1790757.1429,31.2283
random_index,229376,224,57344,34642.8571,0.6041
sequential,230400,225,57600,7271.4286,0.1262
random,230400,225,57600,1947528.5714,33.8113
random_index,230400,225,57600,42928.5714,0.7453
sequential,231424,226,57856,14985.7143,0.2590
random,231424,226,57856,1922742.8571,33.2332
random_index,231424,226,57856,45614.2857,0.7884
sequential,232448,227,58112,8014.2857,0.1379
random,232448,227,58112,2080414.2857,35.8001
random_index,232448,227,58112,33700.0000,0.5799
sequential,233472,228,58368,4971.4286,0.0852
random,233472,228,58368,1928700.0000,33.0438
random_index,233472,228,58368,35842.8571,0.6141
sequential,234496,229,58624,7028.5714,0.1199
random,234496,229,58624,2128271.4286,36.3038
random_index,234496,229,58624,43857.1429,0.7481
sequential,235520,230,58880,6900.0000,0.1172
random,235520,230,58880,2936242.8571,49.8683
random_index,235520,230,58880,46271.4286,0.7859
sequential,236544,231,59136,6971.4286,0.1179
random,236544,231,59136,2345714.2857,39.6664
random_index,236544,231,59136,93928.5714,1.5883
sequential,237568,232,59392,9971.4286,0.1679
random,237568,232,59392,2878742.8571,48.4702
random_index,237568,232,59392,42257.1429,0.7115
sequential,238592,233,59648,7357.1429,0.1233
random,238592,233,59648,2606900.0000,43.7047
random_index,238592,233,59648,66342.8571,1.1122
sequential,239616,234,59904,7371.4286,0.1231
random,239616,234,59904,2256742.8571,37.6727
random_index,239616,234,59904,81371.4286,1.3584
sequential,240640,235,60160,6042.8571,0.1004
random,240640,235,60160,2748828.5714,45.6920
random_index,240640,235,60160,42642.8571,0.7088
sequential,241664,236,60416,18442.8571,0.3053
random,241664,236,60416,2344600.0000,38.8076
random_index,241664,236,60416,41000.0000,0.6786
sequential,242688,237,60672,7542.8571,0.1243
random,242688,237,60672,2243042.8571,36.9700
random_index,242688,237,60672,38314.2857,0.6315
sequential,243712,238,60928,6757.1429,0.1109
random,243712,238,60928,2914614.2857,47.8370
random_index,243712,238,60928,42414.2857,0.6961
sequential,244736,239,61184,5314.2857,0.0869
random,244736,239,61184,2603957.1429,42.5594
random_index,244736,239,61184,43400.0000,0.7093
sequential,245760,240,61440,7442.8571,0.1211
random,245760,240,61440,3359428.5714,54.6782
random_index,245760,240,61440,94171.4286,1.5327
sequential,246784,241,61696,19671.4286,0.3188
random,246784,241,61696,5913485.7143,95.8488
random_index,246784,241,61696,46285.7143,0.7502
sequential,247808,242,61952,14542.8571,0.2347
random,247808,242,61952,4828985.7143,77.9472
random_index,247808,242,61952,38671.4286,0.6242
sequential,248832,243,62208,8357.1429,0.1343
random,248832,243,62208,2144171.4286,34.4678
random_index,248832,243,62208,58614.2857,0.9422
sequential,249856,244,62464,8157.1429,0.1306
random,249856,244,62464,1941514.2857,31.0821
random_index,249856,244,62464,108757.1429,1.7411
sequential,250880,245,62720,11271.4286,0.1797
random,250880,245,62720,2105128.5714,33.5639
random_index,250880,245,62720,45028.5714,0.7179
sequential,251904,246,62976,8442.8571,0.1341
random,251904,246,62976,2164928.5714,34.3770
random_index,251904,246,62976,40857.1429,0.6488
sequential,252928,247,63232,5214.2857,0.0825
random,252928,247,63232,2307085.7143,36.4860
random_index,252928,247,63232,49114.2857,0.7767
sequential,253952,248,63488,8128.5714,0.1280
random,253952,248,63488,3306271.4286,52.0771
random_index,253952,248,63488,50114.2857,0.7894
sequential,254976,249,63744,8500.0000,0.1333
random,254976,249,63744,3011200.0000,47.2390
random_index,254976,249,63744,49271.4286,0.7730
sequential,256000,250,64000,20271.4286,0.3167
random,256000,250,64000,5474585.7143,85.5404
random_index,256000,250,64000,48014.2857,0.7502
sequential,257024,251,64256,6714.2857,0.1045
random,257024,251,64256,2351785.7143,36.6003
random_index,257024,251,64256,43000.0000,0.6692
sequential,258048,252,64512,9585.7143,0.1486
random,258048,252,64512,2608028.5714,40.4270
random_index,258048,252,64512,43385.7143,0.6725
sequential,259072,253,64768,6928.5714,0.1070
random,259072,253,64768,2196871.4286,33.9191
random_index,259072,253,64768,39271.4286,0.6063
sequential,260096,254,65024,10228.5714,0.1573
random,260096,254,65024,2116157.1429,32.5442
random_index,260096,254,65024,44242.8571,0.6804
sequential,261120,255,65280,6300.0000,0.0965
random,261120,255,65280,1994157.1429,30.5478
random_index,261120,255,65280,49314.2857,0.7554
sequential,262144,256,65536,5328.5714,0.0813
random,262144,256,65536,1950600.0000,29.7638
random_index,262144,256,65536,40000.0000,0.6104
sequential,263168,257,65792,5857.1429,0.0890
random,263168,257,65792,2033057.1429,30.9013
random_index,263168,257,65792,38800.0000,0.5897
sequential,264192,258,66048,5614.2857,0.0850
random,264192,258,66048,2038142.8571,30.8585
random_index,264192,258,66048,44185.7143,0.6690
sequential,265216,259,66304,5871.4286,0.0886
random,265216,259,66304,1995600.0000,30.0977
random_index,265216,259,66304,46285.7143,0.6981
sequential,266240,260,66560,9628.5714,0.1447
random,266240,260,66560,1962471.4286,29.4842
random_index,266240,260,66560,39228.5714,0.5894
sequential,267264,261,66816,15014.2857,0.2247
random,267264,261,66816,1933314.2857,28.9349
random_index,267264,261,66816,39000.0000,0.5837
sequential,268288,262,67072,8900.0000,0.1327
random,268288,262,67072,1978185.7143,29.4935
random_index,268288,262,67072,38185.7143,0.5693
sequential,269312,263,67328,5200.0000,0.0772
random,269312,263,67328,1960442.8571,29.1178
random_index,269312,263,67328,40500.0000,0.6015
sequential,270336,264,67584,6014.2857,0.0890
random,270336,264,67584,2123928.5714,31.4265
random_index,270336,264,67584,49214.2857,0.7282
sequential,271360,265,67840,5457.1429,0.0804
random,271360,265,67840,2147371.4286,31.6535
random_index,271360,265,67840,55600.0000,0.8196
sequential,272384,266,68096,5642.8571,0.0829
random,272384,266,68096,2115085.7143,31.0604
random_index,272384,266,68096,41071.4286,0.6031
sequential,273408,267,68352,6185.7143,0.0905
random,273408,267,68352,2382457.1429,34.8557
random_index,273408,267,68352,42114.2857,0.6161
sequential,274432,268,68608,5771.4286,0.0841
random,274432,268,68608,2142842.8571,31.2331
random_index,274432,268,68608,51871.4286,0.7561
sequential,275456,269,68864,11142.8571,0.1618
random,275456,269,68864,2383385.7143,34.6100
random_index,275456,269,68864,47700.0000,0.6927
sequential,276480,270,69120,8385.7143,0.1213
random,276480,270,69120,2390814.2857,34.5893
random_index,276480,270,69120,46414.2857,0.6715
sequential,277504,271,69376,5728.5714,0.0826
random,277504,271,69376,2079671.4286,29.9768
random_index,277504,271,69376,41457.1429,0.5976
sequential,278528,272,69632,5457.1429,0.0784
random,278528,272,69632,2068171.4286,29.7015
random_index,278528,272,69632,50400.0000,0.7238
sequential,279552,273,69888,5857.1429,0.0838
random,279552,273,69888,2206057.1429,31.5656
random_index,279552,273,69888,42200.0000,0.6038
sequential,280576,274,70144,5685.7143,0.0811
random,280576,274,70144,2077942.8571,29.6240
random_index,280576,274,70144,48414.2857,0.6902
sequential,281600,275,70400,5457.1429,0.0775
random,281600,275,70400,2056242.8571,29.2080
random_index,281600,275,70400,41542.8571,0.5901
sequential,282624,276,70656,5628.5714,0.0797
random,282624,276,70656,2048314.2857,28.9900
random_index,282624,276,70656,50342.8571,0.7125
sequential,283648,277,70912,6600.0000,0.0931
random,283648,277,70912,2078271.4286,29.3078
random_index,283648,277,70912,42300.0000,0.5965
sequential,284672,278,71168,6571.4286,0.0923
random,284672,278,71168,2055771.4286,28.8862
random_index,284672,278,71168,43442.8571,0.6104
sequential,285696,279,71424,5542.8571,0.0776
random,285696,279,71424,2138071.4286,29.9349
random_index,285696,279,71424,55385.7143,0.7754
sequential,286720,280,71680,8657.1429,0.1208
random,286720,280,71680,2116514.2857,29.5273
random_index,286720,280,71680,37857.1429,0.5281
sequential,287744,281,71936,12842.8571,0.1785
random,287744,281,71936,2215714.2857,30.8012
random_index,287744,281,71936,41071.4286,0.5709
sequential,288768,282,72192,5628.5714,0.0780
random,288768,282,72192,2446542.8571,33.8894
random_index,288768,282,72192,43614.2857,0.6041
sequential,289792,283,72448,5942.8571,0.0820
random,289792,283,72448,2169557.1429,29.9464
random_index,289792,283,72448,49657.1429,0.6854
sequential,290816,284,72704,5657.1429,0.0778
random,290816,284,72704,2247357.1429,30.9111
random_index,290816,284,72704,41685.7143,0.5734
sequential,291840,285,72960,5685.7143,0.0779
random,291840,285,72960,2109257.1429,28.9098
random_index,291840,285,72960,43142.8571,0.5913
sequential,292864,286,73216,5714.2857,0.0780
random,292864,286,73216,2187471.4286,29.8770
random_index,292864,286,73216,52542.8571,0.7176
sequential,293888,287,73472,5728.5714,0.0780
random,293888,287,73472,2126357.1429,28.9411
random_index,293888,287,73472,43771.4286,0.5958
sequential,294912,288,73728,12371.4286,0.1678
random,294912,288,73728,2168571.4286,29.4131
random_index,294912,288,73728,43171.4286,0.5855
sequential,295936,289,73984,9800.0000,0.1325
random,295936,289,73984,2228857.1429,30.1262
random_index,295936,289,73984,59542.8571,0.8048
sequential,296960,290,74240,9871.4286,0.1330
random,296960,290,74240,2461385.7143,33.1544
random_index,296960,290,74240,44485.7143,0.5992
sequential,297984,291,74496,7728.5714,0.1037
random,297984,291,74496,2156542.8571,28.9484
random_index,297984,291,74496,39642.8571,0.5321
sequential,299008,292,74752,6057.1429,0.0810
random,299008,292,74752,2236014.2857,29.9124
random_index,299008,292,74752,51771.4286,0.6926
sequential,300032,293,75008,5857.1429,0.0781
random,300032,293,75008,2224085.7143,29.6513
random_index,300032,293,75008,55014.2857,0.7334
sequential,301056,294,75264,8671.4286,0.1152
random,301056,294,75264,2244914.2857,29.8272
random_index,301056,294,75264,50057.1429,0.6651
sequential,302080,295,75520,5857.1429,0.0776
random,302080,295,75520,2208314.2857,29.2414
random_index,302080,295,75520,46900.0000,0.6210
sequential,303104,296,75776,9314.2857,0.1229
random,303104,296,75776,2301814.2857,30.3766
random_index,303104,296,75776,52571.4286,0.6938
sequential,304128,297,76032,9514.2857,0.1251
random,304128,297,76032,2220628.5714,29.2065
random_index,304128,297,76032,45100.0000,0.5932
sequential,305152,298,76288,5971.4286,0.0783
random,305152,298,76288,2237128.5714,29.3248
random_index,305152,298,76288,48142.8571,0.6311
sequential,306176,299,76544,10271.4286,0.1342
random,306176,299,76544,2307014.2857,30.1397
random_index,306176,299,76544,61314.2857,0.8010
sequential,307200,300,76800,8271.4286,0.1077
random,307200,300,76800,2282800.0000,29.7240
random_index,307200,300,76800,45742.8571,0.5956
sequential,308224,301,77056,8300.0000,0.1077
random,308224,301,77056,2305471.4286,29.9194
random_index,308224,301,77056,47900.0000,0.6216
sequential,309248,302,77312,25128.5714,0.3250
random,309248,302,77312,2487271.4286,32.1719
random_index,309248,302,77312,56614.2857,0.7323
sequential,310272,303,77568,12471.4286,0.1608
random,310272,303,77568,2649728.5714,34.1601
random_index,310272,303,77568,47800.0000,0.6162
sequential,311296,304,77824,6957.1429,0.0894
random,311296,304,77824,2336785.7143,30.0265
random_index,311296,304,77824,48600.0000,0.6245
sequential,312320,305,78080,6028.5714,0.0772
random,312320,305,78080,2308300.0000,29.5633
random_index,312320,305,78080,47371.4286,0.6067
sequential,313344,306,78336,9085.7143,0.1160
random,313344,306,78336,2294371.4286,29.2889
random_index,313344,306,78336,56757.1429,0.7245
sequential,314368,307,78592,9771.4286,0.1243
random,314368,307,78592,2446214.2857,31.1255
random_index,314368,307,78592,47214.2857,0.6008
sequential,315392,308,78848,6128.5714,0.0777
random,315392,308,78848,2374400.0000,30.1136
random_index,315392,308,78848,50214.2857,0.6368
sequential,316416,309,79104,6157.1429,0.0778
random,316416,309,79104,2437685.7143,30.8162
random_index,316416,309,79104,54128.5714,0.6843
sequential,317440,310,79360,10757.1429,0.1355
random,317440,310,79360,2343857.1429,29.5345
random_index,317440,310,79360,44057.1429,0.5552
sequential,318464,311,79616,9785.7143,0.1229
random,318464,311,79616,2404971.4286,30.2071
random_index,318464,311,79616,62000.0000,0.7787
sequential,319488,312,79872,6257.1429,0.0783
random,319488,312,79872,2404028.5714,30.0985
random_index,319488,312,79872,53571.4286,0.6707
sequential,320512,313,80128,10642.8571,0.1328
random,320512,313,80128,2792600.0000,34.8517
random_index,320512,313,80128,55857.1429,0.6971
sequential,321536,314,80384,6214.2857,0.0773
random,321536,314,80384,2371414.2857,29.5011
random_index,321536,314,80384,58000.0000,0.7215
sequential,322560,315,80640,9271.4286,0.1150
random,322560,315,80640,2535771.4286,31.4456
random_index,322560,315,80640,43428.5714,0.5385
sequential,323584,316,80896,6328.5714,0.0782
random,323584,316,80896,2415914.2857,29.8644
random_index,323584,316,80896,44528.5714,0.5504
sequential,324608,317,81152,10100.0000,0.1245
random,324608,317,81152,2430428.5714,29.9491
random_index,324608,317,81152,94685.7143,1.1668
sequential,325632,318,81408,9714.2857,0.1193
random,325632,318,81408,2630471.4286,32.3122
random_index,325632,318,81408,54542.8571,0.6700
sequential,326656,319,81664,9885.7143,0.1211
random,326656,319,81664,2428614.2857,29.7391
random_index,326656,319,81664,65271.4286,0.7993
sequential,327680,320,81920,7228.5714,0.0882
random,327680,320,81920,2420485.7143,29.5469
random_index,327680,320,81920,57628.5714,0.7035
sequential,328704,321,82176,6414.2857,0.0781
random,328704,321,82176,2401728.5714,29.2266
random_index,328704,321,82176,52271.4286,0.6361
sequential,329728,322,82432,12800.0000,0.1553
random,329728,322,82432,2389000.0000,28.9815
random_index,329728,322,82432,62214.2857,0.7547
sequential,330752,323,82688,9842.8571,0.1190
random,330752,323,82688,2677057.1429,32.3754
random_index,330752,323,82688,62328.5714,0.7538
sequential,331776,324,82944,8328.5714,0.1004
random,331776,324,82944,2586214.2857,31.1802
random_index,331776,324,82944,46071.4286,0.5555
sequential,332800,325,83200,8285.7143,0.0996
random,332800,325,83200,2488500.0000,29.9099
random_index,332800,325,83200,52385.7143,0.6296
sequential,333824,326,83456,6500.0000,0.0779
random,333824,326,83456,2526742.8571,30.2763
random_index,333824,326,83456,56242.8571,0.6739
sequential,334848,327,83712,12442.8571,0.1486
random,334848,327,83712,2539957.1429,30.3416
random_index,334848,327,83712,55085.7143,0.6580
sequential,335872,328,83968,7171.4286,0.0854
random,335872,328,83968,2745685.7143,32.6992
random_index,335872,328,83968,45271.4286,0.5392
sequential,336896,329,84224,7428.5714,0.0882
random,336896,329,84224,2655257.1429,31.5261
random_index,336896,329,84224,47257.1429,0.5611
sequential,337920,330,84480,6814.2857,0.0807
random,337920,330,84480,2452214.2857,29.0272
random_index,337920,330,84480,50200.0000,0.5942
sequential,338944,331,84736,9057.1429,0.1069
random,338944,331,84736,2502714.2857,29.5354
random_index,338944,331,84736,46685.7143,0.5510
sequential,339968,332,84992,7257.1429,0.0854
random,339968,332,84992,2449500.0000,28.8204
random_index,339968,332,84992,51142.8571,0.6017
sequential,340992,333,85248,6828.5714,0.0801
random,340992,333,85248,2536014.2857,29.7487
random_index,340992,333,85248,54742.8571,0.6422
sequential,342016,334,85504,6685.7143,0.0782
random,342016,334,85504,2582700.0000,30.2056
random_index,342016,334,85504,51028.5714,0.5968
sequential,343040,335,85760,6714.2857,0.0783
random,343040,335,85760,2477342.8571,28.8869
random_index,343040,335,85760,52314.2857,0.6100
sequential,344064,336,86016,9842.8571,0.1144
random,344064,336,86016,2556142.8571,29.7171
random_index,344064,336,86016,60757.1429,0.7063
sequential,345088,337,86272,6685.7143,0.0775
random,345088,337,86272,2682185.7143,31.0899
random_index,345088,337,86272,48442.8571,0.5615
sequential,346112,338,86528,12557.1429,0.1451
random,346112,338,86528,2532357.1429,29.2663
random_index,346112,338,86528,53871.4286,0.6226
sequential,347136,339,86784,6785.7143,0.0782
random,347136,339,86784,2628242.8571,30.2849
random_index,347136,339,86784,56800.0000,0.6545
sequential,348160,340,87040,10428.5714,0.1198
random,348160,340,87040,2721628.5714,31.2687
random_index,348160,340,87040,52114.2857,0.5987
sequential,349184,341,87296,6828.5714,0.0782
random,349184,341,87296,2645057.1429,30.2999
random_index,349184,341,87296,54285.7143,0.6219
sequential,350208,342,87552,7285.7143,0.0832
random,350208,342,87552,2580385.7143,29.4726
random_index,350208,342,87552,53600.0000,0.6122
sequential,351232,343,87808,6857.1429,0.0781
random,351232,343,87808,2704714.2857,30.8026
random_index,351232,343,87808,53571.4286,0.6101
sequential,352256,344,88064,7157.1429,0.0813
random,352256,344,88064,2588257.1429,29.3906
random_index,352256,344,88064,52414.2857,0.5952
sequential,353280,345,88320,6957.1429,0.0788
random,353280,345,88320,2584928.5714,29.2678
random_index,353280,345,88320,63642.8571,0.7206
sequential,354304,346,88576,6871.4286,0.0776
random,354304,346,88576,2630614.2857,29.6990
random_index,354304,346,88576,63400.0000,0.7158
sequential,355328,347,88832,7142.8571,0.0804
random,355328,347,88832,2583957.1429,29.0881
random_index,355328,347,88832,54185.7143,0.6100
sequential,356352,348,89088,7042.8571,0.0791
random,356352,348,89088,2611200.0000,29.3103
random_index,356352,348,89088,54185.7143,0.6082
sequential,357376,349,89344,7042.8571,0.0788
random,357376,349,89344,2600442.8571,29.1060
random_index,357376,349,89344,54328.5714,0.6081
sequential,358400,350,89600,6957.1429,0.0776
random,358400,350,89600,2591900.0000,28.9275
random_index,358400,350,89600,59585.7143,0.6650
sequential,359424,351,89856,7014.2857,0.0781
random,359424,351,89856,2603671.4286,28.9760
random_index,359424,351,89856,54957.1429,0.6116
sequential,360448,352,90112,7342.8571,0.0815
random,360448,352,90112,2602814.2857,28.8842
random_index,360448,352,90112,62214.2857,0.6904
sequential,361472,353,90368,7057.1429,0.0781
random,361472,353,90368,2620214.2857,28.9949
random_index,361472,353,90368,57657.1429,0.6380
sequential,362496,354,90624,7071.4286,0.0780
random,362496,354,90624,2688471.4286,29.6662
random_index,362496,354,90624,122300.0000,1.3495
sequential,363520,355,90880,7071.4286,0.0778
random,363520,355,90880,2636171.4286,29.0072
random_index,363520,355,90880,59100.0000,0.6503
sequential,364544,356,91136,7142.8571,0.0784
random,364544,356,91136,2767085.7143,30.3622
random_index,364544,356,91136,67857.1429,0.7446
sequential,365568,357,91392,7214.2857,0.0789
random,365568,357,91392,2686771.4286,29.3983
random_index,365568,357,91392,72785.7143,0.7964
sequential,366592,358,91648,7157.1429,0.0781
random,366592,358,91648,2749242.8571,29.9978
random_index,366592,358,91648,52328.5714,0.5710
sequential,367616,359,91904,7342.8571,0.0799
random,367616,359,91904,2666171.4286,29.0104
random_index,367616,359,91904,55857.1429,0.6078
sequential,368640,360,92160,8257.1429,0.0896
random,368640,360,92160,2728014.2857,29.6008
random_index,368640,360,92160,58214.2857,0.6317
sequential,369664,361,92416,7528.5714,0.0815
random,369664,361,92416,2689585.7143,29.1030
random_index,369664,361,92416,56457.1429,0.6109
sequential,370688,362,92672,7257.1429,0.0783
random,370688,362,92672,2667871.4286,28.7883
random_index,370688,362,92672,55214.2857,0.5958
sequential,371712,363,92928,8957.1429,0.0964
random,371712,363,92928,2747885.7143,29.5701
random_index,371712,363,92928,71671.4286,0.7713
sequential,372736,364,93184,9428.5714,0.1012
random,372736,364,93184,2837814.2857,30.4539
random_index,372736,364,93184,54928.5714,0.5895
sequential,373760,365,93440,7314.2857,0.0783
random,373760,365,93440,2716571.4286,29.0729
random_index,373760,365,93440,52585.7143,0.5628
sequential,374784,366,93696,7314.2857,0.0781
random,374784,366,93696,2704800.0000,28.8678
random_index,374784,366,93696,57871.4286,0.6177
sequential,375808,367,93952,7400.0000,0.0788
random,375808,367,93952,2752542.8571,29.2973
random_index,375808,367,93952,58257.1429,0.6201
sequential,376832,368,94208,10100.0000,0.1072
random,376832,368,94208,2737457.1429,29.0576
random_index,376832,368,94208,60128.5714,0.6383
sequential,377856,369,94464,9214.2857,0.0975
random,377856,369,94464,2729685.7143,28.8966
random_index,377856,369,94464,56685.7143,0.6001
sequential,378880,370,94720,7400.0000,0.0781
random,378880,370,94720,2748642.8571,29.0186
random_index,378880,370,94720,57657.1429,0.6087
sequential,379904,371,94976,7471.4286,0.0787
random,379904,371,94976,2750271.4286,28.9575
random_index,379904,371,94976,58571.4286,0.6167
sequential,380928,372,95232,7500.0000,0.0788
random,380928,372,95232,2742671.4286,28.7999
random_index,380928,372,95232,58057.1429,0.6096
sequential,381952,373,95488,10300.0000,0.1079
random,381952,373,95488,2825942.8571,29.5947
random_index,381952,373,95488,60085.7143,0.6292
sequential,382976,374,95744,7500.0000,0.0783
random,382976,374,95744,2857185.7143,29.8419
random_index,382976,374,95744,57928.5714,0.6050
sequential,384000,375,96000,9614.2857,0.1001
random,384000,375,96000,2843285.7143,29.6176
random_index,384000,375,96000,60271.4286,0.6278
sequential,385024,376,96256,8800.0000,0.0914
random,385024,376,96256,2940214.2857,30.5458
random_index,385024,376,96256,59242.8571,0.6155
sequential,386048,377,96512,8114.2857,0.0841
random,386048,377,96512,2921614.2857,30.2720
random_index,386048,377,96512,68942.8571,0.7143
sequential,387072,378,96768,8314.2857,0.0859
random,387072,378,96768,2866100.0000,29.6183
random_index,387072,378,96768,76371.4286,0.7892
sequential,388096,379,97024,10628.5714,0.1095
random,388096,379,97024,2859057.1429,29.4675
random_index,388096,379,97024,60071.4286,0.6191
sequential,389120,380,97280,9157.1429,0.0941
random,389120,380,97280,2895200.0000,29.7615
random_index,389120,380,97280,59514.2857,0.6118
sequential,390144,381,97536,8114.2857,0.0832
random,390144,381,97536,2952642.8571,30.2723
random_index,390144,381,97536,61357.1429,0.6291
sequential,391168,382,97792,12928.5714,0.1322
random,391168,382,97792,2893228.5714,29.5855
random_index,391168,382,97792,59757.1429,0.6111
sequential,392192,383,98048,7700.0000,0.0785
random,392192,383,98048,2936571.4286,29.9503
random_index,392192,383,98048,55285.7143,0.5639
sequential,393216,384,98304,9542.8571,0.0971
random,393216,384,98304,2861157.1429,29.1052
random_index,393216,384,98304,60414.2857,0.6146
sequential,394240,385,98560,7742.8571,0.0786
random,394240,385,98560,2935885.7143,29.7878
random_index,394240,385,98560,62000.0000,0.6291
sequential,395264,386,98816,7742.8571,0.0784
random,395264,386,98816,3082385.7143,31.1932
random_index,395264,386,98816,59357.1429,0.6007
sequential,396288,387,99072,8485.7143,0.0857
random,396288,387,99072,3080628.5714,31.0948
random_index,396288,387,99072,60457.1429,0.6102
sequential,397312,388,99328,9357.1429,0.0942
random,397312,388,99328,3003571.4286,30.2389
random_index,397312,388,99328,60228.5714,0.6064
sequential,398336,389,99584,15800.0000,0.1587
random,398336,389,99584,4623385.7143,46.4270
random_index,398336,389,99584,67171.4286,0.6745
sequential,399360,390,99840,12857.1429,0.1288
random,399360,390,99840,3894400.0000,39.0064
random_index,399360,390,99840,111400.0000,1.1158
sequential,400384,391,100096,25885.7143,0.2586
random,400384,391,100096,8025714.2857,80.1802
random_index,400384,391,100096,83685.7143,0.8361
sequential,401408,392,100352,9942.8571,0.0991
random,401408,392,100352,4445600.0000,44.3001
random_index,401408,392,100352,90400.0000,0.9008
sequential,402432,393,100608,13842.8571,0.1376
random,402432,393,100608,3185928.5714,31.6668
random_index,402432,393,100608,79614.2857,0.7913
sequential,403456,394,100864,12728.5714,0.1262
random,403456,394,100864,3812900.0000,37.8024
random_index,403456,394,100864,81414.2857,0.8072
sequential,404480,395,101120,11357.1429,0.1123
random,404480,395,101120,3835100.0000,37.9262
random_index,404480,395,101120,70557.1429,0.6978
sequential,405504,396,101376,12014.2857,0.1185
random,405504,396,101376,3296300.0000,32.5156
random_index,405504,396,101376,73414.2857,0.7242
sequential,406528,397,101632,11671.4286,0.1148
random,406528,397,101632,3702057.1429,36.4261
random_index,406528,397,101632,86528.5714,0.8514
sequential,407552,398,101888,17257.1429,0.1694
random,407552,398,101888,3021685.7143,29.6569
random_index,407552,398,101888,70700.0000,0.6939
sequential,408576,399,102144,11757.1429,0.1151
random,408576,399,102144,3168357.1429,31.0185
random_index,408576,399,102144,81071.4286,0.7937
sequential,409600,400,102400,8028.5714,0.0784
random,409600,400,102400,3138457.1429,30.6490
random_index,409600,400,102400,71442.8571,0.6977
sequential,410624,401,102656,9828.5714,0.0957
random,410624,401,102656,3265657.1429,31.8117
random_index,410624,401,102656,70742.8571,0.6891
sequential,411648,402,102912,9314.2857,0.0905
random,411648,402,102912,3026528.5714,29.4089
random_index,411648,402,102912,64385.7143,0.6256
sequential,412672,403,103168,8057.1429,0.0781
random,412672,403,103168,3079200.0000,29.8465
random_index,412672,403,103168,103985.7143,1.0079
sequential,413696,404,103424,8100.0000,0.0783
random,413696,404,103424,3092371.4286,29.8999
random_index,413696,404,103424,63357.1429,0.6126
sequential,414720,405,103680,9285.7143,0.0896
random,414720,405,103680,3582571.4286,34.5541
random_index,414720,405,103680,77514.2857,0.7476
sequential,415744,406,103936,8457.1429,0.0814
random,415744,406,103936,3026357.1429,29.1175
random_index,415744,406,103936,67514.2857,0.6496
sequential,416768,407,104192,8485.7143,0.0814
random,416768,407,104192,3075785.7143,29.5204
random_index,416768,407,104192,67000.0000,0.6430
sequential,417792,408,104448,9128.5714,0.0874
random,417792,408,104448,3035571.4286,29.0630
random_index,417792,408,104448,64271.4286,0.6153
sequential,418816,409,104704,8214.2857,0.0785
random,418816,409,104704,3039100.0000,29.0256
random_index,418816,409,104704,63442.8571,0.6059
sequential,419840,410,104960,8971.4286,0.0855
random,419840,410,104960,3282585.7143,31.2746
random_index,419840,410,104960,65771.4286,0.6266
sequential,420864,411,105216,8285.7143,0.0787
random,420864,411,105216,3389542.8571,32.2151
random_index,420864,411,105216,96500.0000,0.9172
sequential,421888,412,105472,8300.0000,0.0787
random,421888,412,105472,3278414.2857,31.0833
random_index,421888,412,105472,74871.4286,0.7099
sequential,422912,413,105728,8600.0000,0.0813
random,422912,413,105728,3132842.8571,29.6312
random_index,422912,413,105728,64971.4286,0.6145
sequential,423936,414,105984,13114.2857,0.1237
random,423936,414,105984,3125285.7143,29.4883
random_index,423936,414,105984,65942.8571,0.6222
sequential,424960,415,106240,10442.8571,0.0983
random,424960,415,106240,3232728.5714,30.4285
random_index,424960,415,106240,65942.8571,0.6207
sequential,425984,416,106496,8385.7143,0.0787
random,425984,416,106496,3104114.2857,29.1477
random_index,425984,416,106496,67628.5714,0.6350
sequential,427008,417,106752,8400.0000,0.0787
random,427008,417,106752,3094628.5714,28.9890
random_index,427008,417,106752,65685.7143,0.6153
sequential,428032,418,107008,8357.1429,0.0781
random,428032,418,107008,3139442.8571,29.3384
random_index,428032,418,107008,77542.8571,0.7246
sequential,429056,419,107264,9600.0000,0.0895
random,429056,419,107264,3540671.4286,33.0089
random_index,429056,419,107264,67257.1429,0.6270
sequential,430080,420,107520,8428.5714,0.0784
random,430080,420,107520,3435714.2857,31.9542
random_index,430080,420,107520,65142.8571,0.6059
sequential,431104,421,107776,8471.4286,0.0786
random,431104,421,107776,3740257.1429,34.7040
random_index,431104,421,107776,69814.2857,0.6478
sequential,432128,422,108032,12042.8571,0.1115
random,432128,422,108032,3178157.1429,29.4187
random_index,432128,422,108032,72428.5714,0.6704
sequential,433152,423,108288,8771.4286,0.0810
random,433152,423,108288,3365457.1429,31.0788
random_index,433152,423,108288,86985.7143,0.8033
sequential,434176,424,108544,18600.0000,0.1714
random,434176,424,108544,3402928.5714,31.3507
random_index,434176,424,108544,81657.1429,0.7523
sequential,435200,425,108800,8571.4286,0.0788
random,435200,425,108800,3182871.4286,29.2543
random_index,435200,425,108800,64357.1429,0.5915
sequential,436224,426,109056,8828.5714,0.0810
random,436224,426,109056,3765685.7143,34.5298
random_index,436224,426,109056,76942.8571,0.7055
sequential,437248,427,109312,8828.5714,0.0808
random,437248,427,109312,3167071.4286,28.9728
random_index,437248,427,109312,69728.5714,0.6379
sequential,438272,428,109568,9585.7143,0.0875
random,438272,428,109568,3193885.7143,29.1498
random_index,438272,428,109568,67642.8571,0.6174
sequential,439296,429,109824,12000.0000,0.1093
random,439296,429,109824,3303014.2857,30.0755
random_index,439296,429,109824,79628.5714,0.7251
sequential,440320,430,110080,10714.2857,0.0973
random,440320,430,110080,3431357.1429,31.1715
random_index,440320,430,110080,88585.7143,0.8047
sequential,441344,431,110336,14371.4286,0.1303
random,441344,431,110336,3270342.8571,29.6399
random_index,441344,431,110336,67800.0000,0.6145
sequential,442368,432,110592,9214.2857,0.0833
random,442368,432,110592,3308942.8571,29.9203
random_index,442368,432,110592,86828.5714,0.7851
sequential,443392,433,110848,8685.7143,0.0784
random,443392,433,110848,3348400.0000,30.2071
random_index,443392,433,110848,84914.2857,0.7660
sequential,444416,434,111104,8928.5714,0.0804
random,444416,434,111104,3251257.1429,29.2632
random_index,444416,434,111104,73971.4286,0.6658
sequential,445440,435,111360,8771.4286,0.0788
random,445440,435,111360,3236114.2857,29.0599
random_index,445440,435,111360,72114.2857,0.6476
sequential,446464,436,111616,8814.2857,0.0790
random,446464,436,111616,3261914.2857,29.2244
random_index,446464,436,111616,77242.8571,0.6920
sequential,447488,437,111872,9285.7143,0.0830
random,447488,437,111872,3239800.0000,28.9599
random_index,447488,437,111872,68157.1429,0.6092
sequential,448512,438,112128,8842.8571,0.0789
random,448512,438,112128,3244857.1429,28.9389
random_index,448512,438,112128,68614.2857,0.6119
sequential,449536,439,112384,12114.2857,0.1078
random,449536,439,112384,3256757.1429,28.9788
random_index,449536,439,112384,69414.2857,0.6177
sequential,450560,440,112640,10314.2857,0.0916
random,450560,440,112640,3468228.5714,30.7904
random_index,450560,440,112640,81871.4286,0.7268
sequential,451584,441,112896,9457.1429,0.0838
random,451584,441,112896,3307085.7143,29.2932
random_index,451584,441,112896,73228.5714,0.6486
sequential,452608,442,113152,8942.8571,0.0790
random,452608,442,113152,3415328.5714,30.1835
random_index,452608,442,113152,84228.5714,0.7444
sequential,453632,443,113408,8985.7143,0.0792
random,453632,443,113408,3383442.8571,29.8343
random_index,453632,443,113408,91971.4286,0.8110
sequential,454656,444,113664,8971.4286,0.0789
random,454656,444,113664,3383442.8571,29.7671
random_index,454656,444,113664,70314.2857,0.6186
sequential,455680,445,113920,9057.1429,0.0795
random,455680,445,113920,3572471.4286,31.3595
random_index,455680,445,113920,69342.8571,0.6087
sequential,456704,446,114176,9028.5714,0.0791
random,456704,446,114176,3414400.0000,29.9047
random_index,456704,446,114176,74785.7143,0.6550
sequential,457728,447,114432,12271.4286,0.1072
random,457728,447,114432,3387842.8571,29.6057
random_index,457728,447,114432,70285.7143,0.6142
sequential,458752,448,114688,9028.5714,0.0787
random,458752,448,114688,3324771.4286,28.9897
random_index,458752,448,114688,73828.5714,0.6437
sequential,459776,449,114944,10157.1429,0.0884
random,459776,449,114944,3317957.1429,28.8659
random_index,459776,449,114944,70571.4286,0.6140
sequential,460800,450,115200,10314.2857,0.0895
random,460800,450,115200,3417171.4286,29.6629
random_index,460800,450,115200,70600.0000,0.6128
sequential,461824,451,115456,10071.4286,0.0872
random,461824,451,115456,3338328.5714,28.9143
random_index,461824,451,115456,72628.5714,0.6291
sequential,462848,452,115712,9142.8571,0.0790
random,462848,452,115712,3428471.4286,29.6294
random_index,462848,452,115712,73471.4286,0.6350
sequential,463872,453,115968,13071.4286,0.1127
random,463872,453,115968,3374542.8571,29.0989
random_index,463872,453,115968,83700.0000,0.7218
sequential,464896,454,116224,9142.8571,0.0787
random,464896,454,116224,3374357.1429,29.0332
random_index,464896,454,116224,71071.4286,0.6115
sequential,465920,455,116480,10185.7143,0.0874
random,465920,455,116480,3365528.5714,28.8936
random_index,465920,455,116480,72100.0000,0.6190
sequential,466944,456,116736,9257.1429,0.0793
random,466944,456,116736,3437571.4286,29.4474
random_index,466944,456,116736,71085.7143,0.6089
sequential,467968,457,116992,9314.2857,0.0796
random,467968,457,116992,3394871.4286,29.0180
random_index,467968,457,116992,73857.1429,0.6313
sequential,468992,458,117248,10042.8571,0.0857
random,468992,458,117248,3394100.0000,28.9480
random_index,468992,458,117248,73471.4286,0.6266
sequential,470016,459,117504,10742.8571,0.0914
random,470016,459,117504,3487014.2857,29.6757
random_index,470016,459,117504,73685.7143,0.6271
sequential,471040,460,117760,9314.2857,0.0791
random,471040,460,117760,3409657.1429,28.9543
random_index,471040,460,117760,72185.7143,0.6130
sequential,472064,461,118016,12542.8571,0.1063
random,472064,461,118016,3430028.5714,29.0641
random_index,472064,461,118016,73914.2857,0.6263
sequential,473088,462,118272,15957.1429,0.1349
random,473088,462,118272,3570242.8571,30.1867
random_index,473088,462,118272,76514.2857,0.6469
sequential,474112,463,118528,11314.2857,0.0955
random,474112,463,118528,3612414.2857,30.4773
random_index,474112,463,118528,83142.8571,0.7015
sequential,475136,464,118784,9400.0000,0.0791
random,475136,464,118784,3558914.2857,29.9612
random_index,475136,464,118784,82628.5714,0.6956
sequential,476160,465,119040,9400.0000,0.0790
random,476160,465,119040,3651057.1429,30.6708
random_index,476160,465,119040,68657.1429,0.5768
sequential,477184,466,119296,9428.5714,0.0790
random,477184,466,119296,3505000.0000,29.3807
random_index,477184,466,119296,75300.0000,0.6312
sequential,478208,467,119552,9442.8571,0.0790
random,478208,467,119552,3461414.2857,28.9532
random_index,478208,467,119552,74028.5714,0.6192
sequential,479232,468,119808,9400.0000,0.0785
random,479232,468,119808,3474042.8571,28.9968
random_index,479232,468,119808,74185.7143,0.6192
sequential,480256,469,120064,9471.4286,0.0789
random,480256,469,120064,3487142.8571,29.0440
random_index,480256,469,120064,73628.5714,0.6132
sequential,481280,470,120320,9728.5714,0.0809
random,481280,470,120320,3887928.5714,32.3132
random_index,481280,470,120320,79000.0000,0.6566
sequential,482304,471,120576,9557.1429,0.0793
random,482304,471,120576,3586028.5714,29.7408
random_index,482304,471,120576,75885.7143,0.6294
sequential,483328,472,120832,9514.2857,0.0787
random,483328,472,120832,3598242.8571,29.7789
random_index,483328,472,120832,90785.7143,0.7513
sequential,484352,473,121088,9585.7143,0.0792
random,484352,473,121088,3521671.4286,29.0836
random_index,484352,473,121088,94800.0000,0.7829
sequential,485376,474,121344,9614.2857,0.0792
random,485376,474,121344,3522971.4286,29.0329
random_index,485376,474,121344,75085.7143,0.6188
sequential,486400,475,121600,9585.7143,0.0788
random,486400,475,121600,3563985.7143,29.3091
random_index,486400,475,121600,83685.7143,0.6882
sequential,487424,476,121856,9657.1429,0.0793
random,487424,476,121856,3770600.0000,30.9431
random_index,487424,476,121856,79500.0000,0.6524
sequential,488448,477,122112,9657.1429,0.0791
random,488448,477,122112,3540800.0000,28.9963
random_index,488448,477,122112,77314.2857,0.6331
sequential,489472,478,122368,10185.7143,0.0832
random,489472,478,122368,3807628.5714,31.1162
random_index,489472,478,122368,80857.1429,0.6608
sequential,490496,479,122624,9728.5714,0.0793
random,490496,479,122624,3547914.2857,28.9333
random_index,490496,479,122624,89500.0000,0.7299
sequential,491520,480,122880,11871.4286,0.0966
random,491520,480,122880,3575600.0000,29.0983
random_index,491520,480,122880,76028.5714,0.6187
sequential,492544,481,123136,25071.4286,0.2036
random,492544,481,123136,3728757.1429,30.2816
random_index,492544,481,123136,90528.5714,0.7352
sequential,493568,482,123392,17657.1429,0.1431
random,493568,482,123392,3635100.0000,29.4598
random_index,493568,482,123392,96657.1429,0.7833
sequential,494592,483,123648,10285.7143,0.0832
random,494592,483,123648,3770214.2857,30.4915
random_index,494592,483,123648,77442.8571,0.6263
sequential,495616,484,123904,9785.7143,0.0790
random,495616,484,123904,3581200.0000,28.9030
random_index,495616,484,123904,75571.4286,0.6099
sequential,496640,485,124160,10771.4286,0.0868
random,496640,485,124160,4055371.4286,32.6625
random_index,496640,485,124160,102314.2857,0.8241
sequential,497664,486,124416,10242.8571,0.0823
random,497664,486,124416,3807342.8571,30.6017
random_index,497664,486,124416,78085.7143,0.6276
sequential,498688,487,124672,9914.2857,0.0795
random,498688,487,124672,3619285.7143,29.0305
random_index,498688,487,124672,77185.7143,0.6191
sequential,499712,488,124928,11442.8571,0.0916
random,499712,488,124928,3621357.1429,28.9876
random_index,499712,488,124928,76914.2857,0.6157
sequential,500736,489,125184,10257.1429,0.0819
random,500736,489,125184,3611228.5714,28.8474
random_index,500736,489,125184,77400.0000,0.6183
sequential,501760,490,125440,9942.8571,0.0793
random,501760,490,125440,3631142.8571,28.9472
random_index,501760,490,125440,79300.0000,0.6322
sequential,502784,491,125696,9928.5714,0.0790
random,502784,491,125696,3627771.4286,28.8615
random_index,502784,491,125696,77857.1429,0.6194
sequential,503808,492,125952,10514.2857,0.0835
random,503808,492,125952,3629014.2857,28.8127
random_index,503808,492,125952,81942.8571,0.6506
sequential,504832,493,126208,10728.5714,0.0850
random,504832,493,126208,3634628.5714,28.7987
random_index,504832,493,126208,80000.0000,0.6339
sequential,505856,494,126464,12314.2857,0.0974
random,505856,494,126464,3667785.7143,29.0026
random_index,505856,494,126464,77671.4286,0.6142
sequential,506880,495,126720,12600.0000,0.0994
random,506880,495,126720,3669585.7143,28.9582
random_index,506880,495,126720,73300.0000,0.5784
sequential,507904,496,126976,10028.5714,0.0790
random,507904,496,126976,3656928.5714,28.8002
random_index,507904,496,126976,78657.1429,0.6195
sequential,508928,497,127232,10042.8571,0.0789
random,508928,497,127232,3672485.7143,28.8645
random_index,508928,497,127232,80542.8571,0.6330
sequential,509952,498,127488,10071.4286,0.0790
random,509952,498,127488,3672242.8571,28.8046
random_index,509952,498,127488,78871.4286,0.6187
sequential,510976,499,127744,10100.0000,0.0791
random,510976,499,127744,3692471.4286,28.9052
random_index,510976,499,127744,79871.4286,0.6252
sequential,512000,500,128000,10100.0000,0.0789
random,512000,500,128000,3697671.4286,28.8881
random_index,512000,500,128000,79528.5714,0.6213
sequential,513024,501,128256,11171.4286,0.0871
random,513024,501,128256,3688685.7143,28.7603
random_index,513024,501,128256,78971.4286,0.6157
sequential,514048,502,128512,10214.2857,0.0795
random,514048,502,128512,3703657.1429,28.8195
random_index,514048,502,128512,79971.4286,0.6223
sequential,515072,503,128768,10142.8571,0.0788
random,515072,503,128768,3811371.4286,29.5987
random_index,515072,503,128768,80985.7143,0.6289
sequential,516096,504,129024,10428.5714,0.0808
random,516096,504,129024,3727757.1429,28.8920
random_index,516096,504,129024,81485.7143,0.6316
sequential,517120,505,129280,10228.5714,0.0791
random,517120,505,129280,3806757.1429,29.4458
random_index,517120,505,129280,80528.5714,0.6229
sequential,518144,506,129536,10257.1429,0.0792
random,518144,506,129536,3738985.7143,28.8645
random_index,518144,506,129536,81471.4286,0.6289
sequential,519168,507,129792,10271.4286,0.0791
random,519168,507,129792,3769757.1429,29.0446
random_index,519168,507,129792,84300.0000,0.6495
sequential,520192,508,130048,11057.1429,0.0850
random,520192,508,130048,3742042.8571,28.7743
random_index,520192,508,130048,82042.8571,0.6309
sequential,521216,509,130304,10557.1429,0.0810
random,521216,509,130304,3750928.5714,28.7860
random_index,521216,509,130304,81442.8571,0.6250
sequential,522240,510,130560,10342.8571,0.0792
random,522240,510,130560,3758500.0000,28.7875
random_index,522240,510,130560,85857.1429,0.6576
sequential,523264,511,130816,13742.8571,0.1051
random,523264,511,130816,3855028.5714,29.4691
random_index,523264,511,130816,85885.7143,0.6565
sequential,524288,512,131072,11400.0000,0.0870
random,524288,512,131072,3751842.8571,28.6243
random_index,524288,512,131072,87085.7143,0.6644
sequential,525312,513,131328,10400.0000,0.0792
random,525312,513,131328,3960728.5714,30.1591
random_index,525312,513,131328,82357.1429,0.6271
sequential,526336,514,131584,11000.0000,0.0836
random,526336,514,131584,3906542.8571,29.6886
random_index,526336,514,131584,82414.2857,0.6263
sequential,527360,515,131840,14300.0000,0.1085
random,527360,515,131840,3870971.4286,29.3611
random_index,527360,515,131840,82328.5714,0.6245
sequential,528384,516,132096,14814.2857,0.1121
random,528384,516,132096,3786557.1429,28.6652
random_index,528384,516,132096,80628.5714,0.6104
sequential,529408,517,132352,10485.7143,0.0792
random,529408,517,132352,3784185.7143,28.5918
random_index,529408,517,132352,80814.2857,0.6106
sequential,530432,518,132608,13628.5714,0.1028
random,530432,518,132608,3789557.1429,28.5771
random_index,530432,518,132608,85214.2857,0.6426
sequential,531456,519,132864,10557.1429,0.0795
random,531456,519,132864,3800414.2857,28.6038
random_index,531456,519,132864,82142.8571,0.6182
sequential,532480,520,133120,10557.1429,0.0793
random,532480,520,133120,3816000.0000,28.6659
random_index,532480,520,133120,82057.1429,0.6164
sequential,533504,521,133376,17228.5714,0.1292
random,533504,521,133376,3825642.8571,28.6831
random_index,533504,521,133376,77028.5714,0.5775
sequential,534528,522,133632,10928.5714,0.0818
random,534528,522,133632,3831000.0000,28.6683
random_index,534528,522,133632,84285.7143,0.6307
sequential,535552,523,133888,10628.5714,0.0794
random,535552,523,133888,3840142.8571,28.6818
random_index,535552,523,133888,81042.8571,0.6053
sequential,536576,524,134144,10700.0000,0.0798
random,536576,524,134144,3843014.2857,28.6484
random_index,536576,524,134144,78628.5714,0.5862
sequential,537600,525,134400,12442.8571,0.0926
random,537600,525,134400,3863457.1429,28.7460
random_index,537600,525,134400,85514.2857,0.6363
sequential,538624,526,134656,10714.2857,0.0796
random,538624,526,134656,3984157.1429,29.5877
random_index,538624,526,134656,95957.1429,0.7126
sequential,539648,527,134912,14071.4286,0.1043
random,539648,527,134912,3881214.2857,28.7685
random_index,539648,527,134912,104642.8571,0.7756
sequential,540672,528,135168,10757.1429,0.0796
random,540672,528,135168,3867371.4286,28.6116
random_index,540672,528,135168,82114.2857,0.6075
sequential,541696,529,135424,10728.5714,0.0792
random,541696,529,135424,4061528.5714,29.9912
random_index,541696,529,135424,84828.5714,0.6264
sequential,542720,530,135680,10742.8571,0.0792
random,542720,530,135680,3886271.4286,28.6429
random_index,542720,530,135680,82214.2857,0.6059
sequential,543744,531,135936,10757.1429,0.0791
random,543744,531,135936,4085642.8571,30.0556
random_index,543744,531,135936,82242.8571,0.6050
sequential,544768,532,136192,18528.5714,0.1360
random,544768,532,136192,3900071.4286,28.6366
random_index,544768,532,136192,109428.5714,0.8035
sequential,545792,533,136448,11585.7143,0.0849
random,545792,533,136448,3908057.1429,28.6414
random_index,545792,533,136448,83171.4286,0.6095
sequential,546816,534,136704,11114.2857,0.0813
random,546816,534,136704,3942500.0000,28.8397
random_index,546816,534,136704,83471.4286,0.6106
sequential,547840,535,136960,11914.2857,0.0870
random,547840,535,136960,3923800.0000,28.6492
random_index,547840,535,136960,84385.7143,0.6161
sequential,548864,536,137216,10900.0000,0.0794
random,548864,536,137216,3942428.5714,28.7316
random_index,548864,536,137216,84128.5714,0.6131
sequential,549888,537,137472,27257.1429,0.1983
random,549888,537,137472,3978371.4286,28.9395
random_index,549888,537,137472,89071.4286,0.6479
sequential,550912,538,137728,13414.2857,0.0974
random,550912,538,137728,4119742.8571,29.9122
random_index,550912,538,137728,85828.5714,0.6232
sequential,551936,539,137984,10942.8571,0.0793
random,551936,539,137984,4212157.1429,30.5264
random_index,551936,539,137984,84071.4286,0.6093
sequential,552960,540,138240,11028.5714,0.0798
random,552960,540,138240,4022671.4286,29.0992
random_index,552960,540,138240,86400.0000,0.6250
sequential,553984,541,138496,11157.1429,0.0806
random,553984,541,138496,3966914.2857,28.6428
random_index,553984,541,138496,86185.7143,0.6223
sequential,555008,542,138752,11028.5714,0.0795
random,555008,542,138752,4035914.2857,29.0873
random_index,555008,542,138752,84771.4286,0.6110
sequential,556032,543,139008,11071.4286,0.0796
random,556032,543,139008,4013271.4286,28.8708
random_index,556032,543,139008,85842.8571,0.6175
sequential,557056,544,139264,11042.8571,0.0793
random,557056,544,139264,4070214.2857,29.2266
random_index,557056,544,139264,106585.7143,0.7654
sequential,558080,545,139520,13057.1429,0.0936
random,558080,545,139520,4075642.8571,29.2119
random_index,558080,545,139520,85957.1429,0.6161
sequential,559104,546,139776,11100.0000,0.0794
random,559104,546,139776,4431528.5714,31.7045
random_index,559104,546,139776,178885.7143,1.2798
sequential,560128,547,140032,12000.0000,0.0857
random,560128,547,140032,4084328.5714,29.1671
random_index,560128,547,140032,90114.2857,0.6435
sequential,561152,548,140288,11385.7143,0.0812
random,561152,548,140288,4232900.0000,30.1729
random_index,561152,548,140288,88300.0000,0.6294
sequential,562176,549,140544,11214.2857,0.0798
random,562176,549,140544,4055242.8571,28.8539
random_index,562176,549,140544,125300.0000,0.8915
sequential,563200,550,140800,12171.4286,0.0864
random,563200,550,140800,4062700.0000,28.8544
random_index,563200,550,140800,89457.1429,0.6353
sequential,564224,551,141056,12385.7143,0.0878
random,564224,551,141056,4134985.7143,29.3145
random_index,564224,551,141056,86428.5714,0.6127
sequential,565248,552,141312,13528.5714,0.0957
random,565248,552,141312,4206971.4286,29.7708
random_index,565248,552,141312,93957.1429,0.6649
sequential,566272,553,141568,12371.4286,0.0874
random,566272,553,141568,4131514.2857,29.1840
random_index,566272,553,141568,86214.2857,0.6090
sequential,567296,554,141824,12100.0000,0.0853
random,567296,554,141824,4090900.0000,28.8449
random_index,567296,554,141824,95071.4286,0.6703
sequential,568320,555,142080,11314.2857,0.0796
random,568320,555,142080,4093528.5714,28.8114
random_index,568320,555,142080,87771.4286,0.6178
sequential,569344,556,142336,22085.7143,0.1552
random,569344,556,142336,4263714.2857,29.9553
random_index,569344,556,142336,161857.1429,1.1371
sequential,570368,557,142592,11328.5714,0.0794
random,570368,557,142592,4294500.0000,30.1174
random_index,570368,557,142592,91485.7143,0.6416
sequential,571392,558,142848,11942.8571,0.0836
random,571392,558,142848,4472771.4286,31.3114
random_index,571392,558,142848,89857.1429,0.6290
sequential,572416,559,143104,13642.8571,0.0953
random,572416,559,143104,4757085.7143,33.2422
random_index,572416,559,143104,111642.8571,0.7802
sequential,573440,560,143360,15757.1429,0.1099
random,573440,560,143360,4233671.4286,29.5317
random_index,573440,560,143360,89271.4286,0.6227
sequential,574464,561,143616,11785.7143,0.0821
random,574464,561,143616,4147557.1429,28.8795
random_index,574464,561,143616,91257.1429,0.6354
sequential,575488,562,143872,18300.0000,0.1272
random,575488,562,143872,4507800.0000,31.3320
random_index,575488,562,143872,95914.2857,0.6667
sequential,576512,563,144128,18628.5714,0.1293
random,576512,563,144128,4551985.7143,31.5829
random_index,576512,563,144128,94342.8571,0.6546
sequential,577536,564,144384,11428.5714,0.0792
random,577536,564,144384,4175414.2857,28.9188
random_index,577536,564,144384,99257.1429,0.6875
sequential,578560,565,144640,11700.0000,0.0809
random,578560,565,144640,4221128.5714,29.1837
random_index,578560,565,144640,87985.7143,0.6083
sequential,579584,566,144896,12085.7143,0.0834
random,579584,566,144896,4185942.8571,28.8893
random_index,579584,566,144896,88185.7143,0.6086
sequential,580608,567,145152,19328.5714,0.1332
random,580608,567,145152,4382600.0000,30.1932
random_index,580608,567,145152,90528.5714,0.6237
sequential,581632,568,145408,16642.8571,0.1145
random,581632,568,145408,4215928.5714,28.9938
random_index,581632,568,145408,111300.0000,0.7654
sequential,582656,569,145664,15328.5714,0.1052
random,582656,569,145664,4200685.7143,28.8382
random_index,582656,569,145664,91542.8571,0.6285
sequential,583680,570,145920,11628.5714,0.0797
random,583680,570,145920,4305771.4286,29.5078
random_index,583680,570,145920,90171.4286,0.6180
sequential,584704,571,146176,12528.5714,0.0857
random,584704,571,146176,4216914.2857,28.8482
random_index,584704,571,146176,161128.5714,1.1023
sequential,585728,572,146432,11714.2857,0.0800
random,585728,572,146432,4268257.1429,29.1484
random_index,585728,572,146432,99742.8571,0.6812
sequential,586752,573,146688,36942.8571,0.2518
random,586752,573,146688,4296357.1429,29.2891
random_index,586752,573,146688,89757.1429,0.6119
sequential,587776,574,146944,11742.8571,0.0799
random,587776,574,146944,4214557.1429,28.6814
random_index,587776,574,146944,92600.0000,0.6302
sequential,588800,575,147200,11757.1429,0.0799
random,588800,575,147200,4299514.2857,29.2087
random_index,588800,575,147200,166771.4286,1.1330
sequential,589824,576,147456,11800.0000,0.0800
random,589824,576,147456,4297700.0000,29.1456
random_index,589824,576,147456,90285.7143,0.6123
sequential,590848,577,147712,11800.0000,0.0799
random,590848,577,147712,4256885.7143,28.8188
random_index,590848,577,147712,92185.7143,0.6241
sequential,591872,578,147968,14028.5714,0.0948
random,591872,578,147968,4384628.5714,29.6323
random_index,591872,578,147968,91171.4286,0.6162
sequential,592896,579,148224,16557.1429,0.1117
random,592896,579,148224,4264542.8571,28.7709
random_index,592896,579,148224,101657.1429,0.6858
sequential,593920,580,148480,11914.2857,0.0802
random,593920,580,148480,4337842.8571,29.2150
random_index,593920,580,148480,97757.1429,0.6584
sequential,594944,581,148736,12685.7143,0.0853
random,594944,581,148736,4274557.1429,28.7392
random_index,594944,581,148736,93028.5714,0.6255
sequential,595968,582,148992,11885.7143,0.0798
random,595968,582,148992,4287742.8571,28.7783
random_index,595968,582,148992,90442.8571,0.6070
sequential,596992,583,149248,11942.8571,0.0800
random,596992,583,149248,4292271.4286,28.7593
random_index,596992,583,149248,91142.8571,0.6107
sequential,598016,584,149504,12471.4286,0.0834
random,598016,584,149504,4364371.4286,29.1923
random_index,598016,584,149504,94414.2857,0.6315
sequential,599040,585,149760,13042.8571,0.0871
random,599040,585,149760,4484300.0000,29.9432
random_index,599040,585,149760,111185.7143,0.7424
sequential,600064,586,150016,12214.2857,0.0814
random,600064,586,150016,4383114.2857,29.2176
random_index,600064,586,150016,122914.2857,0.8193
sequential,601088,587,150272,18142.8571,0.1207
random,601088,587,150272,4460485.7143,29.6827
random_index,601088,587,150272,103700.0000,0.6901
sequential,602112,588,150528,12028.5714,0.0799
random,602112,588,150528,4333028.5714,28.7855
random_index,602112,588,150528,94742.8571,0.6294
sequential,603136,589,150784,12042.8571,0.0799
random,603136,589,150784,4361842.8571,28.9278
random_index,603136,589,150784,92857.1429,0.6158
sequential,604160,590,151040,17228.5714,0.1141
random,604160,590,151040,4354328.5714,28.8290
random_index,604160,590,151040,92400.0000,0.6118
sequential,605184,591,151296,13871.4286,0.0917
random,605184,591,151296,4480842.8571,29.6164
random_index,605184,591,151296,94557.1429,0.6250
sequential,606208,592,151552,12142.8571,0.0801
random,606208,592,151552,4502571.4286,29.7097
random_index,606208,592,151552,98300.0000,0.6486
sequential,607232,593,151808,13814.2857,0.0910
random,607232,593,151808,4396600.0000,28.9616
random_index,607232,593,151808,92485.7143,0.6092
sequential,608256,594,152064,12257.1429,0.0806
random,608256,594,152064,4857471.4286,31.9436
random_index,608256,594,152064,93714.2857,0.6163
sequential,609280,595,152320,12157.1429,0.0798
random,609280,595,152320,4419414.2857,29.0140
random_index,609280,595,152320,143428.5714,0.9416
sequential,610304,596,152576,12214.2857,0.0801
random,610304,596,152576,4428042.8571,29.0219
random_index,610304,596,152576,117657.1429,0.7711
sequential,611328,597,152832,17000.0000,0.1112
random,611328,597,152832,4493900.0000,29.4042
random_index,611328,597,152832,113957.1429,0.7456
sequential,612352,598,153088,12242.8571,0.0800
random,612352,598,153088,4416328.5714,28.8483
random_index,612352,598,153088,108300.0000,0.7074
sequential,613376,599,153344,14800.0000,0.0965
random,613376,599,153344,4404414.2857,28.7224
random_index,613376,599,153344,110014.2857,0.7174
sequential,614400,600,153600,18442.8571,0.1201
random,614400,600,153600,4412828.5714,28.7294
random_index,614400,600,153600,97271.4286,0.6333
sequential,615424,601,153856,12342.8571,0.0802
random,615424,601,153856,4545342.8571,29.5428
random_index,615424,601,153856,100000.0000,0.6500
sequential,616448,602,154112,12328.5714,0.0800
random,616448,602,154112,4452957.1429,28.8943
random_index,616448,602,154112,97614.2857,0.6334
sequential,617472,603,154368,12314.2857,0.0798
random,617472,603,154368,4441385.7143,28.7714
random_index,617472,603,154368,100228.5714,0.6493
sequential,618496,604,154624,12300.0000,0.0795
random,618496,604,154624,4444442.8571,28.7436
random_index,618496,604,154624,95314.2857,0.6164
sequential,619520,605,154880,12357.1429,0.0798
random,619520,605,154880,4459085.7143,28.7906
random_index,619520,605,154880,100557.1429,0.6493
sequential,620544,606,155136,12385.7143,0.0798
random,620544,606,155136,4606985.7143,29.6964
random_index,620544,606,155136,95785.7143,0.6174
sequential,621568,607,155392,12428.5714,0.0800
random,621568,607,155392,4476442.8571,28.8074
random_index,621568,607,155392,95857.1429,0.6169
sequential,622592,608,155648,12428.5714,0.0799
random,622592,608,155648,4496342.8571,28.8879
random_index,622592,608,155648,95428.5714,0.6131
sequential,623616,609,155904,12471.4286,0.0800
random,623616,609,155904,4515314.2857,28.9621
random_index,623616,609,155904,117628.5714,0.7545
sequential,624640,610,156160,12485.7143,0.0800
random,624640,610,156160,4507457.1429,28.8644
random_index,624640,610,156160,96028.5714,0.6149
sequential,625664,611,156416,14828.5714,0.0948
random,625664,611,156416,4499185.7143,28.7642
random_index,625664,611,156416,121671.4286,0.7779
sequential,626688,612,156672,18114.2857,0.1156
random,626688,612,156672,4526914.2857,28.8942
random_index,626688,612,156672,97400.0000,0.6217
sequential,627712,613,156928,14885.7143,0.0949
random,627712,613,156928,4953114.2857,31.5630
random_index,627712,613,156928,96985.7143,0.6180
sequential,628736,614,157184,12628.5714,0.0803
random,628736,614,157184,4522157.1429,28.7698
random_index,628736,614,157184,93457.1429,0.5946
sequential,629760,615,157440,12571.4286,0.0798
random,629760,615,157440,4551228.5714,28.9077
random_index,629760,615,157440,107357.1429,0.6819
sequential,630784,616,157696,37328.5714,0.2367
random,630784,616,157696,4790428.5714,30.3776
random_index,630784,616,157696,117814.2857,0.7471
sequential,631808,617,157952,18371.4286,0.1163
random,631808,617,157952,5632185.7143,35.6576
random_index,631808,617,157952,98957.1429,0.6265
sequential,632832,618,158208,18714.2857,0.1183
random,632832,618,158208,5036057.1429,31.8319
random_index,632832,618,158208,113500.0000,0.7174
sequential,633856,619,158464,15614.2857,0.0985
random,633856,619,158464,5142628.5714,32.4530
random_index,633856,619,158464,134871.4286,0.8511
sequential,634880,620,158720,18371.4286,0.1157
random,634880,620,158720,4846614.2857,30.5356
random_index,634880,620,158720,98471.4286,0.6204
sequential,635904,621,158976,13671.4286,0.0860
random,635904,621,158976,4644714.2857,29.2164
random_index,635904,621,158976,98785.7143,0.6214
sequential,636928,622,159232,13500.0000,0.0848
random,636928,622,159232,4585614.2857,28.7983
random_index,636928,622,159232,131900.0000,0.8284
sequential,637952,623,159488,12742.8571,0.0799
random,637952,623,159488,4781700.0000,29.9816
random_index,637952,623,159488,139100.0000,0.8722
sequential,638976,624,159744,13957.1429,0.0874
random,638976,624,159744,4717571.4286,29.5321
random_index,638976,624,159744,152185.7143,0.9527
sequential,640000,625,160000,17200.0000,0.1075
random,640000,625,160000,4959371.4286,30.9961
random_index,640000,625,160000,137428.5714,0.8589
sequential,641024,626,160256,15042.8571,0.0939
random,641024,626,160256,5058371.4286,31.5643
random_index,641024,626,160256,93871.4286,0.5858
sequential,642048,627,160512,14085.7143,0.0878
random,642048,627,160512,4684571.4286,29.1852
random_index,642048,627,160512,118200.0000,0.7364
sequential,643072,628,160768,13071.4286,0.0813
random,643072,628,160768,4711828.5714,29.3082
random_index,643072,628,160768,99914.2857,0.6215
sequential,644096,629,161024,12828.5714,0.0797
random,644096,629,161024,4957571.4286,30.7878
random_index,644096,629,161024,128771.4286,0.7997
sequential,645120,630,161280,15628.5714,0.0969
random,645120,630,161280,4826742.8571,29.9277
random_index,645120,630,161280,134500.0000,0.8340
sequential,646144,631,161536,12900.0000,0.0799
random,646144,631,161536,5293000.0000,32.7667
random_index,646144,631,161536,119257.1429,0.7383
sequential,647168,632,161792,13142.8571,0.0812
random,647168,632,161792,4774257.1429,29.5086
random_index,647168,632,161792,115228.5714,0.7122
sequential,648192,633,162048,12885.7143,0.0795
random,648192,633,162048,4696971.4286,28.9851
random_index,648192,633,162048,105042.8571,0.6482
sequential,649216,634,162304,12985.7143,0.0800
random,649216,634,162304,4950957.1429,30.5042
random_index,649216,634,162304,108485.7143,0.6684
